N1,N2,N3,N4,N5,N6,N7,N8,N9,N10,N11,label
55.0,13.1,3.4,30.4,20.4,74.5,1.2,0.5,0.7,0.1,0.7,0
78.0,20.1,8.4,52.0,0.0,64.8,5.1,1.6,0.6,0.8,1.8,0
23.0,8.3,1.3,36.7,0.0,45.0,2.0,0.5,0.1,0.3,0.7,0
62.0,14.2,5.6,48.5,0.0,57.1,3.7,0.8,0.4,0.6,1.2,1
28.0,30.4,6.3,50.0,0.0,71.7,10.3,0.9,0.9,0.6,1.2,1
82.0,9.5,1.7,30.1,7.1,78.1,1.1,2.6,0.3,0.1,1.1,1
82.0,34.4,15.3,45.8,35.7,77.3,8.7,1.0,1.0,1.6,1.7,1
57.0,9.4,3.3,46.3,28.6,66.7,1.4,0.3,0.4,0.2,0.3,0
71.0,30.4,16.3,49.5,0.0,72.5,6.5,1.5,1.0,1.3,2.1,1
34.0,13.4,4.3,30.2,18.5,91.2,1.4,3.1,0.6,0.2,1.0,0
79.0,16.0,7.7,50.2,25.0,77.3,3.7,0.4,0.3,0.7,0.6,1
75.0,30.8,9.9,46.2,0.0,60.9,8.1,1.7,1.8,1.9,1.9,0
25.0,10.4,3.3,39.5,38.5,69.2,3.4,0.2,0.2,0.4,0.4,0
51.0,8.0,2.2,40.4,25.0,81.3,0.9,1.5,0.5,0.1,0.7,1
49.0,5.3,2.1,37.6,0.0,64.2,1.2,0.2,0.3,0.2,0.5,0
61.0,11.0,4.2,57.9,0.0,54.4,2.9,0.2,0.2,0.3,0.5,0
24.0,14.3,5.2,36.1,40.3,82.4,1.8,1.8,0.5,0.0,0.7,1
80.0,14.8,6.6,52.1,0.0,64.1,3.2,1.0,0.5,0.9,1.3,1
30.0,11.0,3.2,36.5,40.0,55.6,1.6,0.7,0.3,0.1,0.6,0
42.0,9.7,3.4,36.6,35.1,67.6,0.7,1.5,0.4,0.0,0.5,1
41.0,6.6,1.9,36.7,0.0,66.7,1.7,0.5,0.1,0.3,0.6,0
41.0,15.2,4.1,47.3,0.0,78.6,4.2,0.8,0.3,0.4,0.5,1
36.0,11.3,3.5,45.7,0.0,44.2,3.3,0.5,0.4,0.0,0.6,0
35.0,5.5,1.8,38.2,28.6,57.1,0.7,0.4,0.2,0.3,0.5,1
82.0,17.3,6.0,42.6,0.0,73.0,4.3,1.1,0.5,0.5,1.1,0
79.0,17.2,7.9,45.0,37.2,73.6,1.8,0.8,0.6,0.3,1.1,0
82.0,25.9,12.4,44.8,24.1,74.2,4.0,2.3,1.3,0.1,1.7,1
79.0,24.7,10.6,51.1,0.0,78.4,5.7,0.5,0.5,1.1,1.5,1
82.0,19.3,6.6,46.0,0.0,67.8,3.5,1.9,0.7,0.1,1.4,1
64.0,10.9,3.7,44.1,0.0,70.2,1.1,2.1,0.4,0.2,1.1,1
80.0,30.1,11.9,39.1,35.8,72.5,3.3,5.6,1.3,0.1,2.3,1
49.0,9.4,3.6,66.1,0.0,70.3,2.0,0.5,0.3,0.3,0.4,1
71.0,27.8,5.3,47.5,0.0,61.7,4.7,8.2,1.8,0.6,2.2,1
52.0,12.6,2.8,53.4,0.0,59.7,4.1,0.4,0.3,0.1,0.4,0
55.0,14.9,5.7,46.5,0.0,71.2,4.2,0.6,0.6,0.5,0.8,1
22.0,6.0,1.5,40.6,0.0,66.7,1.5,0.0,0.2,0.1,0.5,0
59.0,12.4,4.1,54.7,25.0,67.1,2.1,0.6,0.6,0.2,0.5,0
79.0,23.5,6.3,39.5,13.0,75.0,2.5,4.8,1.2,0.1,2.2,1
22.0,10.0,3.0,38.0,16.7,66.7,0.8,1.5,0.3,0.0,0.9,1
54.0,10.6,3.8,47.8,0.0,81.1,2.5,0.6,0.2,0.2,0.8,0
59.0,18.2,6.1,55.6,0.0,55.1,5.2,0.6,0.8,1.3,1.1,0
81.0,22.8,11.5,44.4,0.0,77.6,3.3,2.3,1.3,0.3,2.1,1
43.0,17.7,6.1,57.6,0.0,57.1,3.1,0.3,0.4,1.3,1.2,0
63.0,11.2,3.9,49.5,0.0,64.6,2.5,0.2,0.4,0.3,0.2,1
48.0,29.4,13.2,46.7,21.7,80.2,7.5,1.2,0.7,0.6,1.9,1
25.0,5.2,2.3,39.6,31.3,84.6,0.7,0.5,0.3,0.1,0.6,0
80.0,16.9,7.4,52.9,0.0,69.1,4.2,0.4,0.6,0.8,1.1,1
50.0,25.8,10.1,44.9,36.5,78.2,3.5,1.6,1.5,0.4,1.1,0
54.0,6.8,1.5,40.4,0.0,31.3,1.9,0.2,0.1,0.3,0.4,1
35.0,24.5,10.4,35.6,22.4,72.7,3.4,1.7,0.8,0.6,1.8,1
55.0,12.9,4.3,36.9,7.1,56.2,3.1,0.4,0.4,0.1,0.8,1
53.0,11.2,2.7,43.3,0.0,75.0,2.3,0.5,0.4,0.4,0.5,1
29.0,20.7,4.0,31.0,28.6,85.0,2.4,0.7,0.5,0.2,0.5,0
50.0,19.6,6.7,39.7,0.0,58.1,4.9,1.1,0.4,0.7,1.7,1
54.0,11.3,5.7,56.8,0.0,66.1,3.4,0.3,0.6,0.7,0.8,1
75.0,15.0,5.6,43.0,0.0,70.7,2.9,0.9,0.5,0.9,1.6,0
57.0,11.6,3.6,47.3,0.0,66.7,3.1,0.1,0.1,1.1,0.4,1
50.0,16.3,5.4,43.8,31.6,79.6,1.1,1.7,0.4,0.1,0.9,1
79.0,20.4,8.7,45.5,31.2,68.2,2.4,3.0,1.0,0.0,1.5,1
43.0,14.0,5.0,44.4,0.0,64.9,3.4,0.4,0.3,0.5,0.9,1
37.0,15.5,4.2,35.9,30.2,71.8,1.3,2.9,0.8,0.1,0.9,0
45.0,10.4,3.7,40.8,20.0,60.0,1.0,1.8,0.4,0.1,1.1,0
64.0,10.0,4.3,45.5,0.0,72.8,1.0,1.2,0.4,0.1,0.7,1
79.0,24.7,5.7,41.5,16.7,75.7,6.2,1.2,0.9,1.2,0.9,1
46.0,11.5,4.1,53.0,40.0,61.8,3.3,0.8,0.4,0.1,0.8,1
27.0,14.1,5.7,46.6,0.0,72.6,3.2,0.6,0.3,0.3,0.7,0
82.0,18.8,6.4,53.9,16.7,61.1,4.6,0.7,0.6,0.6,1.2,1
71.0,27.2,13.8,43.2,29.3,71.7,4.1,1.6,1.1,0.7,1.7,1
80.0,16.5,7.4,45.1,19.6,77.7,2.5,0.7,0.4,0.3,1.2,0
79.0,19.3,6.7,45.7,11.1,59.7,3.6,2.6,1.3,0.6,2.0,1
65.0,24.2,12.3,47.7,33.3,82.5,5.8,0.8,0.5,0.7,1.5,1
51.0,15.0,4.8,41.9,33.3,65.7,2.6,1.2,0.7,0.3,0.9,1
45.0,9.3,3.1,36.1,37.5,70.6,0.8,1.9,0.2,0.0,1.2,1
76.0,25.4,12.0,44.1,13.3,78.2,3.4,1.4,0.9,0.3,1.9,1
82.0,36.0,18.8,46.8,35.5,74.7,8.3,3.6,1.1,0.2,2.6,1
42.0,10.4,3.3,44.9,42.6,64.7,1.1,0.6,0.2,0.3,0.5,1
55.0,13.9,2.9,54.5,0.0,70.7,3.2,0.5,0.7,1.6,0.6,0
49.0,14.8,5.6,42.4,40.4,81.1,2.3,1.0,0.6,0.2,0.7,0
16.0,4.4,1.2,43.8,33.3,66.7,0.4,0.1,0.1,0.0,0.4,1
47.0,13.3,5.2,49.3,0.0,67.6,3.7,0.4,0.3,0.5,0.6,1
53.0,9.4,2.2,36.6,29.4,60.9,0.5,2.2,0.5,0.1,1.0,0
65.0,13.5,5.4,47.6,0.0,68.7,3.4,0.4,0.3,0.3,1.2,1
42.0,13.5,4.9,42.1,0.0,55.8,3.3,0.4,0.4,0.5,0.9,0
77.0,19.6,6.1,43.1,34.4,72.8,1.9,0.8,0.6,0.2,0.6,0
49.0,20.8,8.9,52.9,14.3,52.1,5.7,0.8,0.5,1.1,1.7,1
25.0,29.5,12.3,49.0,25.0,69.7,5.5,1.7,1.2,0.2,1.9,0
41.0,15.2,3.7,35.7,35.7,50.7,5.2,0.6,0.4,0.3,0.8,1
82.0,36.2,17.5,42.5,32.7,63.1,9.0,3.2,1.3,0.7,2.8,1
65.0,36.1,17.0,48.9,0.0,66.4,8.4,2.5,0.8,0.2,2.5,1
59.0,12.8,4.4,53.8,0.0,66.1,3.1,0.3,0.4,0.6,0.8,0
81.0,24.8,8.5,51.2,0.0,75.2,5.7,1.6,0.5,1.5,1.3,1
74.0,17.0,4.4,46.0,18.8,71.1,1.8,2.9,1.0,0.2,1.3,0
66.0,14.7,3.8,38.0,28.2,78.3,1.3,1.3,0.6,0.1,0.9,0
37.0,7.8,3.9,46.0,27.3,65.0,1.4,0.2,0.2,0.0,0.4,0
64.0,20.3,6.2,55.2,0.0,57.2,6.4,0.5,0.4,1.2,0.8,1
51.0,24.7,10.2,47.1,18.2,84.7,6.5,1.4,0.8,1.0,1.0,1
66.0,11.1,2.8,40.6,36.0,70.6,1.3,0.4,0.3,0.1,0.2,1
42.0,8.5,3.7,38.3,21.4,67.8,1.1,0.3,0.2,0.0,0.7,0
73.0,17.6,6.9,44.5,24.3,88.9,1.2,3.3,0.4,0.0,1.1,1
55.0,14.9,4.1,41.7,37.5,76.1,1.5,1.5,0.7,0.2,0.8,0
45.0,19.8,6.0,49.3,20.0,74.6,5.9,0.8,0.5,0.5,0.6,0
51.0,5.7,2.2,47.4,0.0,78.3,1.4,0.2,0.2,0.0,0.5,1
78.0,23.1,10.4,48.4,43.6,79.2,2.6,1.3,0.6,0.3,1.0,1
44.0,13.0,6.6,45.3,32.7,65.3,1.4,1.1,0.7,0.2,1.0,0
31.0,4.5,1.2,34.2,0.0,55.0,1.3,0.1,0.2,0.0,0.3,1
56.0,15.4,7.3,41.0,34.5,80.0,1.6,1.9,0.6,0.1,1.1,1
77.0,14.3,5.2,47.6,0.0,63.2,3.5,0.5,0.3,0.4,1.1,1
61.0,28.8,14.7,41.2,31.0,74.6,2.4,3.0,1.0,0.3,2.0,1
82.0,19.8,7.9,48.1,0.0,75.7,5.2,1.8,0.6,0.9,1.8,1
49.0,11.1,4.6,45.9,22.2,64.3,0.8,1.4,0.5,0.0,1.1,0
71.0,30.4,16.3,49.5,0.0,72.5,6.5,1.5,1.0,1.3,2.1,1
35.0,6.0,1.9,31.9,20.0,77.3,0.7,1.1,0.3,0.1,0.8,0
79.0,25.7,10.7,41.4,21.5,75.0,1.9,4.8,1.0,0.1,2.0,1
43.0,12.4,2.9,41.7,0.0,48.5,2.5,0.3,0.2,0.5,0.5,0
38.0,6.5,3.1,39.5,31.0,66.7,0.6,1.1,0.3,0.1,0.7,0
75.0,21.5,7.1,54.3,0.0,73.7,5.2,0.7,0.6,0.4,1.1,1
78.0,16.8,5.1,37.4,32.3,73.6,2.3,0.8,0.6,0.4,1.2,1
45.0,10.4,4.2,48.6,0.0,60.0,1.7,0.6,0.2,0.2,0.4,0
47.0,9.2,2.6,31.4,29.5,70.4,1.9,0.5,0.3,0.2,0.5,1
47.0,9.6,2.0,35.8,0.0,78.1,0.9,1.5,0.5,0.0,0.6,1
81.0,21.4,7.7,50.8,0.0,64.2,6.2,0.7,0.6,1.0,1.3,1
34.0,17.1,7.0,42.7,31.0,59.6,3.3,0.5,0.5,0.5,1.2,0
80.0,32.9,14.4,42.6,33.3,67.1,4.3,3.0,1.3,0.4,2.0,1
82.0,27.4,7.2,45.0,7.7,71.1,3.0,6.4,2.0,0.2,2.2,1
72.0,25.0,8.3,39.9,26.2,66.0,6.1,1.6,0.8,0.3,1.6,1
78.0,28.6,6.4,42.2,27.6,68.4,5.2,1.5,0.9,0.3,1.2,0
82.0,31.2,13.5,50.1,20.0,56.9,7.6,2.0,0.7,1.4,2.0,1
79.0,17.8,8.1,43.9,38.0,67.2,2.9,1.3,0.8,0.6,1.7,1
77.0,36.1,18.0,44.5,34.5,78.6,5.3,6.6,1.5,0.4,4.0,1
39.0,11.3,4.1,43.1,25.0,68.4,1.4,0.2,0.2,0.5,0.5,0
82.0,31.3,13.5,47.2,20.0,66.1,8.8,1.0,0.8,1.1,2.3,1
64.0,18.4,7.0,45.0,34.1,71.2,4.2,1.5,0.8,0.9,1.0,1
82.0,22.4,10.0,48.8,35.5,80.1,2.3,1.6,0.7,0.2,1.2,1
67.0,10.3,3.0,43.7,0.0,61.3,2.9,0.8,0.3,0.5,0.8,1
37.0,23.5,6.9,58.7,0.0,59.2,5.7,1.0,1.0,1.0,0.8,1
37.0,13.6,8.1,44.1,40.0,72.2,2.1,0.9,0.4,0.1,1.0,1
53.0,14.5,4.3,63.3,0.0,38.5,4.5,0.2,0.2,1.1,0.8,1
54.0,25.1,8.6,41.9,32.9,61.4,3.9,2.4,1.2,0.3,0.9,1
74.0,17.0,5.4,47.8,20.0,79.3,2.1,1.5,0.8,0.3,1.1,1
40.0,9.4,4.6,47.6,0.0,76.8,2.8,0.3,0.1,0.1,0.5,1
27.0,9.2,2.9,39.5,20.0,69.2,2.0,0.5,0.3,0.1,0.4,0
33.0,5.5,1.5,45.5,0.0,47.8,1.5,0.2,0.2,0.1,0.1,0
31.0,6.4,2.3,35.5,29.0,75.0,1.2,0.3,0.1,0.1,0.2,0
50.0,36.1,12.8,37.4,31.0,75.2,3.1,6.0,1.9,0.0,2.9,1
78.0,23.0,7.2,42.5,31.8,80.8,3.9,2.0,0.6,0.2,1.0,1
11.0,10.6,2.4,60.0,0.0,33.3,3.4,0.4,0.4,0.4,0.6,0
42.0,15.0,4.0,45.2,0.0,83.9,3.0,0.3,0.2,0.2,0.6,1
81.0,31.6,14.1,40.2,29.8,75.4,4.4,1.6,0.9,0.7,2.0,1
42.0,18.6,8.5,40.0,35.7,83.3,2.0,1.1,0.8,0.1,1.1,1
74.0,12.1,3.8,37.2,36.5,73.1,1.5,0.5,0.3,0.2,0.6,0
55.0,12.4,4.8,46.6,0.0,68.0,3.0,0.3,0.2,0.4,0.8,0
52.0,7.3,2.6,39.3,27.3,81.3,1.3,0.3,0.2,0.1,0.6,1
23.0,6.4,3.1,35.3,30.0,100.0,0.8,0.2,0.1,0.1,0.3,1
76.0,16.6,5.6,39.4,22.0,78.0,1.9,2.3,0.7,0.1,1.1,0
48.0,14.8,5.1,40.7,9.5,80.4,1.7,2.1,0.9,0.0,1.3,0
51.0,28.8,18.7,46.5,35.2,68.0,4.9,3.2,0.7,0.4,2.6,1
51.0,6.6,3.0,45.1,0.0,67.7,0.7,0.4,0.3,0.1,0.7,0
55.0,9.2,3.7,44.4,50.0,55.8,1.5,1.6,0.8,0.3,0.9,1
63.0,14.0,4.7,46.6,0.0,62.1,3.6,0.4,0.4,0.4,1.1,1
42.0,24.5,11.7,38.4,25.8,86.9,2.5,2.8,0.9,0.1,2.0,0
64.0,4.2,0.9,42.9,0.0,65.4,0.8,0.2,0.2,0.1,0.1,0
81.0,19.0,9.3,43.7,20.8,78.3,3.2,1.0,0.6,0.1,1.7,0
75.0,12.9,3.7,41.1,20.8,78.2,1.8,0.7,0.4,0.1,0.5,1
63.0,30.1,14.8,48.2,14.3,69.3,6.3,1.5,1.1,2.1,2.1,1
54.0,10.3,3.3,44.5,0.0,47.1,2.2,0.5,0.3,0.2,0.5,0
79.0,13.4,2.9,32.7,20.9,81.8,3.3,0.7,0.5,0.3,0.7,1
55.0,25.3,14.0,46.3,18.5,89.6,2.1,1.9,1.3,0.4,1.4,1
82.0,33.6,11.1,44.0,0.0,66.4,8.4,1.2,1.1,0.7,2.1,1
79.0,27.3,12.7,42.9,33.1,74.3,4.5,1.2,0.6,0.5,1.6,0
76.0,15.4,5.7,42.9,33.6,75.7,1.3,2.2,1.0,0.3,1.1,1
66.0,10.5,5.0,48.0,0.0,85.2,1.5,0.8,0.3,0.1,0.9,0
51.0,11.9,6.9,43.8,11.8,68.4,2.0,0.8,0.6,0.2,0.8,0
46.0,9.2,2.7,42.6,0.0,63.2,1.8,0.3,0.3,0.2,0.5,0
42.0,14.9,4.1,32.9,16.7,75.0,1.2,1.6,0.5,0.2,1.1,0
67.0,17.4,6.6,46.4,34.7,60.9,1.9,0.4,0.6,0.3,0.6,1
37.0,7.3,2.8,44.3,18.2,81.0,1.1,0.3,0.2,0.1,0.5,0
78.0,16.3,5.2,40.4,36.8,69.6,3.5,1.5,0.7,0.3,1.2,1
65.0,14.5,5.5,48.8,0.0,68.9,3.6,0.3,0.2,0.2,0.7,0
42.0,14.8,6.0,41.0,38.8,90.0,1.2,0.9,0.3,0.0,0.5,1
78.0,39.7,14.4,42.9,37.3,70.0,5.4,2.8,1.6,1.0,2.0,1
62.0,16.2,6.9,38.0,29.2,77.3,1.9,1.2,0.5,0.1,1.2,0
75.0,18.9,4.9,47.9,0.0,69.9,2.9,3.4,1.6,0.1,1.3,1
82.0,18.4,5.5,37.0,14.5,74.1,1.7,3.8,0.7,0.1,1.2,1
66.0,14.2,4.4,47.1,0.0,69.3,2.9,0.8,0.6,0.2,0.7,1
68.0,14.4,5.3,54.2,0.0,59.4,4.5,0.6,0.1,1.1,1.0,1
41.0,4.2,1.7,34.8,21.4,73.1,0.3,1.0,0.3,0.0,0.4,0
51.0,6.4,2.2,38.4,43.3,83.3,0.8,0.3,0.1,0.0,0.3,0
64.0,9.5,3.7,40.0,40.0,77.8,1.0,0.4,0.3,0.2,0.5,0
82.0,16.7,5.2,42.0,35.9,88.4,1.1,3.7,0.8,0.0,0.8,1
80.0,24.0,9.2,46.1,20.8,83.9,2.4,5.5,1.3,0.3,1.8,1
73.0,23.4,10.4,42.8,34.5,69.6,2.7,2.1,0.7,0.3,1.9,1
73.0,19.0,5.8,46.8,22.0,73.7,3.9,1.1,0.8,0.1,0.7,1
56.0,18.9,4.7,45.0,0.0,67.5,4.9,0.7,0.6,0.8,1.1,1
59.0,8.2,2.6,30.9,28.6,66.7,0.7,1.5,0.2,0.0,0.7,0
82.0,21.2,6.9,54.2,0.0,48.5,5.9,0.8,0.7,0.6,1.3,0
47.0,19.0,6.2,39.4,44.4,62.9,3.6,1.2,0.7,0.4,1.1,1
39.0,10.4,2.7,66.2,0.0,90.0,2.5,0.0,0.2,0.4,0.3,1
82.0,23.7,11.0,45.0,14.3,83.5,3.2,3.7,1.3,0.5,2.0,1
71.0,14.8,6.7,52.8,0.0,63.0,4.4,0.3,0.3,0.8,0.9,1
36.0,4.3,1.3,35.3,11.8,66.7,0.6,0.6,0.1,0.0,0.5,0
81.0,18.7,5.5,45.5,50.0,76.4,5.4,0.5,0.6,0.5,1.2,1
37.0,5.3,1.9,39.7,32.1,65.0,0.7,0.5,0.3,0.1,0.3,1
67.0,31.7,12.4,43.9,33.3,87.9,3.4,6.4,1.7,0.1,2.5,1
37.0,18.2,7.4,47.5,21.4,64.8,1.9,2.7,0.8,0.0,1.5,0
32.0,22.9,8.3,46.2,44.1,85.7,2.5,3.6,1.0,0.1,1.5,0
48.0,8.2,2.1,38.1,17.4,56.3,0.9,1.3,0.2,0.1,0.7,0
50.0,19.8,9.1,41.1,15.4,70.9,3.8,1.5,0.9,0.3,1.4,1
80.0,34.6,20.3,43.0,28.8,87.3,4.3,2.4,1.0,0.9,2.9,1
41.0,17.9,4.2,35.5,21.2,59.5,4.5,0.7,0.9,0.8,0.9,1
38.0,7.1,2.4,56.8,0.0,60.0,1.9,0.1,0.2,0.1,0.8,0
75.0,10.4,4.3,54.5,0.0,69.9,2.7,0.2,0.1,0.3,0.9,1
46.0,22.5,10.2,58.6,0.0,66.5,7.7,0.8,0.7,1.0,1.2,1
62.0,17.8,7.0,42.7,30.8,72.7,5.4,0.8,0.4,0.3,0.9,0
51.0,22.5,8.6,38.9,0.0,66.7,3.7,1.2,0.9,0.1,1.2,0
77.0,26.4,7.9,43.8,0.0,76.4,5.7,1.2,0.5,0.9,1.2,1
36.0,6.3,1.3,37.5,28.6,61.5,0.4,0.6,0.2,0.0,0.5,1
39.0,16.5,5.7,45.9,0.0,87.1,4.5,0.8,0.3,0.1,0.9,1
82.0,18.2,7.8,55.6,0.0,54.7,6.4,0.8,0.6,0.5,1.4,1
42.0,27.1,7.6,40.7,20.0,83.3,4.5,2.3,0.9,0.4,1.8,1
80.0,14.8,5.2,46.5,0.0,72.3,4.7,0.6,0.3,0.4,1.3,1
56.0,19.4,8.6,45.8,38.9,80.9,1.9,2.0,0.8,0.1,1.0,1
40.0,6.1,2.6,51.4,14.3,68.4,0.4,1.4,0.3,0.0,0.8,1
36.0,7.6,3.4,55.7,0.0,66.7,1.1,0.2,0.1,0.2,0.5,0
51.0,15.1,5.7,41.2,32.5,69.1,1.7,2.1,0.7,0.0,1.4,0
77.0,23.0,9.6,51.9,0.0,66.2,8.6,1.7,0.9,0.4,2.3,1
23.0,19.2,4.0,29.1,25.9,62.5,2.7,0.9,0.6,0.1,0.7,0
81.0,13.8,6.5,47.9,16.7,73.6,4.3,0.3,0.6,0.9,1.3,1
55.0,20.3,10.4,52.9,0.0,51.5,6.1,0.7,0.4,1.5,1.4,1
64.0,22.0,11.0,45.0,40.6,78.9,3.1,1.3,0.6,0.3,1.3,0
43.0,6.8,1.6,34.9,11.1,56.3,0.6,1.7,0.5,0.1,0.4,1
81.0,25.3,11.1,45.9,10.5,78.9,9.1,1.0,0.4,0.6,1.5,1
43.0,14.8,4.6,50.7,0.0,65.2,3.6,0.3,0.5,0.3,0.5,0
43.0,8.3,2.6,35.6,21.1,74.5,1.3,0.3,0.2,0.2,0.3,1
54.0,19.8,6.0,44.3,32.1,72.2,1.5,1.9,0.7,0.1,1.1,1
58.0,12.8,4.0,44.9,0.0,59.7,2.9,0.3,0.2,1.4,0.7,0
38.0,7.3,2.9,45.5,41.7,59.1,0.9,1.2,0.1,0.0,1.0,0
40.0,8.5,1.8,30.5,33.3,80.0,0.7,1.3,0.3,0.0,0.9,1
47.0,11.5,3.7,58.2,0.0,64.3,3.1,0.2,0.4,0.2,0.4,0
73.0,24.5,6.8,40.3,35.8,63.1,4.3,1.3,0.6,0.1,1.0,1
32.0,11.5,3.7,42.6,34.6,79.3,1.0,1.1,0.5,0.0,0.6,1
72.0,17.0,8.7,49.7,0.0,72.2,5.0,0.6,0.3,0.2,0.7,0
76.0,20.8,6.6,40.7,23.5,79.7,1.6,3.3,1.2,0.1,2.2,1
80.0,30.2,12.7,44.6,0.0,76.8,5.8,1.1,0.8,0.7,1.2,1
54.0,17.3,5.9,37.4,37.0,76.3,2.6,1.6,0.6,0.1,1.2,0
47.0,19.7,5.3,34.0,31.1,67.4,3.2,1.2,1.2,0.3,1.4,0
53.0,30.0,17.5,50.8,16.7,68.6,7.0,1.2,0.4,1.1,2.3,0
53.0,11.5,5.6,46.6,0.0,56.0,2.2,0.4,0.2,0.2,1.4,1
52.0,13.3,2.3,40.7,39.3,100.0,1.5,0.8,0.3,0.2,0.4,0
43.0,16.9,4.0,38.0,0.0,73.7,1.6,2.9,0.5,0.2,1.6,0
73.0,35.6,15.1,44.7,0.0,60.9,10.9,0.9,0.8,1.7,1.7,1
74.0,20.1,8.9,44.1,36.9,77.0,3.0,1.2,0.5,0.1,0.7,1
80.0,19.5,7.1,47.5,30.0,85.0,2.1,2.6,0.8,0.2,1.0,1
78.0,22.6,8.4,40.1,31.0,71.5,4.5,2.9,0.6,0.1,1.6,0
50.0,8.7,2.5,38.0,14.3,65.9,0.8,1.6,0.7,0.1,1.0,1
79.0,19.2,7.0,43.4,0.0,77.5,3.3,0.6,0.5,0.3,1.4,0
68.0,14.8,6.6,45.6,8.3,74.3,3.5,1.3,0.3,0.2,1.0,1
81.0,30.6,14.9,49.6,0.0,48.1,8.9,2.9,1.3,0.5,3.4,1
49.0,13.1,3.9,38.3,24.2,73.1,2.9,0.6,0.3,0.3,0.3,0
61.0,21.5,8.9,56.4,0.0,63.7,7.0,0.5,0.4,1.1,1.4,0
36.0,7.0,1.6,43.1,0.0,69.2,1.9,0.2,0.1,0.1,0.3,1
82.0,15.9,5.7,40.3,34.7,78.0,2.6,1.3,0.7,0.2,1.1,1
62.0,37.5,19.7,42.6,30.8,84.6,6.6,1.7,1.0,0.4,2.6,1
80.0,23.2,5.5,49.6,0.0,59.0,6.2,0.9,0.4,1.8,1.4,1
71.0,21.1,6.4,49.0,0.0,80.3,2.2,3.4,1.1,0.1,1.6,0
54.0,9.7,3.0,47.7,0.0,61.3,3.0,0.6,0.5,0.3,0.8,1
67.0,15.8,8.2,45.6,41.4,71.9,3.7,0.8,0.6,0.1,1.2,1
48.0,11.8,4.7,50.8,0.0,70.6,2.9,0.4,0.3,0.7,0.5,1
63.0,28.6,9.5,45.2,33.7,55.1,4.8,2.1,1.2,0.5,1.3,1
35.0,11.3,2.4,35.0,24.5,72.7,1.4,1.1,0.3,0.1,0.7,0
53.0,8.5,3.1,51.7,0.0,73.7,2.0,0.1,0.1,0.1,0.6,0
52.0,7.3,2.8,45.5,0.0,65.3,1.8,0.2,0.2,0.7,0.3,1
74.0,20.5,9.3,45.9,9.1,66.4,4.4,1.5,0.7,0.2,1.3,1
80.0,25.8,8.8,44.6,20.0,82.9,2.1,4.4,1.3,0.1,2.1,1
43.0,6.7,3.4,37.8,20.0,63.6,1.0,0.8,0.3,0.1,0.8,0
35.0,7.8,2.6,38.4,25.0,72.4,0.8,1.2,0.2,0.1,0.8,0
37.0,14.6,4.4,42.3,33.9,61.5,3.9,0.3,0.6,0.5,0.5,0
55.0,7.6,2.7,44.8,0.0,64.3,0.9,0.8,0.3,0.1,0.6,1
24.0,14.7,5.1,44.3,0.0,57.8,2.1,0.9,0.7,0.1,1.4,0
64.0,7.9,2.1,41.4,32.3,74.3,0.9,0.7,0.3,0.1,0.5,1
49.0,11.3,2.4,32.8,24.3,77.5,1.0,1.9,0.4,0.1,1.0,1
40.0,6.4,3.8,41.8,33.3,83.8,1.0,0.2,0.3,0.2,0.5,1
69.0,13.3,5.1,46.4,30.5,82.1,2.5,0.5,0.4,0.4,0.7,1
73.0,29.7,11.6,51.1,35.9,82.6,3.7,2.8,0.8,0.3,1.1,0
18.0,6.2,2.4,37.2,32.1,60.0,1.1,0.0,0.1,0.1,0.3,0
61.0,22.6,7.6,48.7,33.3,75.2,4.9,1.0,0.6,0.1,0.9,1
77.0,21.6,8.6,49.8,25.0,76.3,2.9,0.7,0.6,0.2,0.8,1
39.0,13.8,5.6,50.0,38.9,71.4,1.9,0.5,0.2,0.1,0.5,1
51.0,12.1,4.0,40.0,38.3,71.9,2.2,0.9,0.2,0.2,0.6,0
36.0,11.8,3.9,41.3,0.0,55.6,1.4,1.0,0.4,0.0,0.8,1
80.0,28.8,10.8,42.1,41.6,70.4,2.4,4.5,0.8,0.2,1.8,1
32.0,19.3,6.8,46.7,20.0,69.2,1.5,3.7,0.8,0.1,1.7,0
82.0,32.6,12.0,52.0,0.0,67.1,10.0,0.9,0.9,1.7,2.0,1
37.0,8.2,2.4,36.5,40.0,85.7,0.9,0.8,0.3,0.0,0.6,0
80.0,19.5,5.3,45.4,27.9,77.7,2.3,4.5,0.9,0.1,1.9,1
82.0,32.0,18.3,54.2,34.1,81.1,10.5,2.0,0.7,1.7,2.2,0
49.0,6.9,3.1,44.4,0.0,73.2,1.5,0.1,0.1,0.0,0.4,0
70.0,9.5,2.2,44.6,0.0,73.8,2.4,0.2,0.2,0.5,0.6,0
73.0,11.0,3.8,40.8,27.8,73.2,1.1,1.2,0.5,0.1,0.7,0
80.0,37.0,21.9,45.1,32.1,79.6,6.4,2.5,1.4,0.3,3.9,1
53.0,26.1,9.4,42.8,33.0,73.2,2.6,4.2,0.8,0.0,1.7,1
78.0,18.7,7.1,45.3,35.1,75.4,1.9,3.1,1.0,0.1,1.4,1
44.0,8.3,2.4,40.4,0.0,81.0,0.6,2.0,0.4,0.0,0.9,0
30.0,25.7,5.8,40.0,32.5,72.4,3.5,1.5,0.7,0.3,0.7,0
75.0,17.4,4.5,55.7,0.0,70.8,4.0,0.2,0.2,1.6,0.8,1
12.0,6.3,1.7,30.0,16.7,58.3,0.7,1.2,0.3,0.2,0.9,0
59.0,22.2,8.0,42.3,33.8,81.5,3.7,1.6,0.5,0.8,0.8,0
36.0,14.4,5.8,43.1,50.0,82.0,2.4,0.9,0.3,0.2,0.9,1
76.0,27.4,15.1,46.6,20.0,73.0,3.4,3.7,0.9,0.1,2.7,1
41.0,12.3,3.3,45.1,0.0,44.7,2.4,1.2,0.5,0.1,1.0,1
78.0,15.9,4.2,41.3,11.1,77.7,1.6,3.4,1.2,0.1,1.4,0
82.0,20.9,5.7,44.3,11.5,67.3,2.1,2.9,1.2,0.3,1.4,1
67.0,22.5,14.1,41.3,24.0,85.7,1.8,3.1,0.8,0.1,1.6,1
36.0,8.3,3.2,44.6,0.0,66.7,1.6,0.2,0.1,0.4,0.4,0
77.0,24.7,10.1,42.2,34.1,84.2,2.8,3.6,0.7,0.1,2.5,0
79.0,19.4,7.3,53.6,25.0,83.7,3.8,1.2,0.7,0.5,1.3,1
71.0,13.1,3.8,47.4,0.0,71.3,4.2,0.8,0.4,0.4,0.7,1
59.0,9.7,3.7,42.3,32.0,83.3,0.7,1.6,0.3,0.1,1.1,1
43.0,8.6,3.4,54.0,66.7,50.7,0.7,1.3,0.4,0.1,1.0,0
50.0,9.8,5.2,47.3,35.7,67.0,1.5,0.9,0.6,0.0,0.8,0
62.0,14.0,4.5,43.1,14.7,70.1,1.8,1.4,0.3,0.2,1.0,0
81.0,11.7,4.7,44.2,20.0,76.6,1.2,0.9,0.4,0.1,0.7,1
82.0,19.8,9.5,42.4,35.0,72.9,1.5,3.7,0.6,0.0,1.7,1
35.0,19.6,7.3,43.8,30.0,63.0,3.6,0.9,0.4,0.5,0.8,1
33.0,19.5,7.2,49.7,40.0,84.3,3.3,1.4,0.6,0.3,0.9,1
67.0,23.7,8.6,43.0,30.3,70.3,5.5,1.4,1.0,0.8,1.0,1
80.0,37.0,21.9,45.1,32.1,79.6,6.4,2.5,1.4,0.3,3.9,0
59.0,25.0,11.9,44.8,31.4,82.9,3.2,3.5,0.9,0.2,1.6,0
61.0,29.6,12.0,45.4,32.0,74.8,3.1,4.6,1.0,0.3,2.5,0
45.0,18.4,6.5,44.4,39.3,68.5,2.9,2.0,0.8,0.4,0.9,1
62.0,13.0,3.5,42.9,33.3,70.1,1.4,1.7,0.6,0.1,0.9,1
75.0,23.6,12.9,49.5,31.0,71.2,1.9,3.6,0.8,0.1,2.9,1
67.0,18.2,6.9,40.8,32.9,83.3,1.7,3.0,0.6,0.1,1.6,1
64.0,17.7,4.6,51.8,0.0,50.4,5.4,0.9,0.9,1.2,1.2,1
75.0,15.1,2.8,30.8,26.4,64.4,1.4,3.2,0.9,0.1,1.2,0
76.0,27.7,13.8,42.3,34.3,84.0,2.5,2.6,0.6,0.3,2.1,0
67.0,20.4,3.2,47.1,0.0,51.9,6.6,0.5,0.6,0.2,0.8,1
54.0,6.0,2.3,33.8,31.0,63.0,0.6,0.6,0.2,0.0,0.5,0
77.0,30.0,13.6,43.9,24.6,73.4,4.6,1.8,0.9,0.3,1.5,0
48.0,34.0,16.5,43.9,41.2,71.3,6.4,2.4,1.7,1.0,2.4,1
76.0,20.8,6.6,40.7,23.5,79.7,1.6,3.3,1.2,0.1,2.2,0
43.0,7.1,2.1,41.5,0.0,52.0,1.4,0.6,0.2,0.1,0.4,0
77.0,25.6,13.4,57.9,25.0,62.4,5.2,1.7,1.2,0.8,2.3,1
81.0,25.3,8.2,42.9,37.3,80.0,3.9,1.8,1.2,0.4,1.2,1
71.0,30.4,16.3,49.5,0.0,72.5,6.5,1.5,1.0,1.3,2.1,0
62.0,19.3,8.0,52.8,33.3,78.9,3.7,1.3,0.5,1.3,1.7,1
60.0,12.0,4.7,38.8,31.8,79.5,1.6,0.7,0.3,0.1,0.4,1
79.0,29.5,10.1,47.4,25.5,71.5,5.0,2.4,1.0,1.1,2.0,1
64.0,31.0,14.0,46.0,37.0,72.2,3.9,2.0,2.0,0.6,1.2,1
46.0,7.3,1.6,40.2,0.0,29.6,1.7,0.2,0.1,0.5,0.4,1
79.0,24.0,10.1,47.4,41.6,81.0,2.1,2.9,1.2,0.3,1.5,1
42.0,7.9,4.0,43.0,10.0,69.0,1.3,0.5,0.3,0.1,0.5,1
78.0,19.5,5.9,43.1,26.9,73.6,3.2,0.8,0.5,0.3,0.7,1
77.0,25.1,7.3,48.1,25.0,58.7,6.1,0.6,0.6,0.8,1.0,1
82.0,37.2,19.2,49.0,22.7,82.9,11.0,3.6,1.0,0.6,1.9,1
78.0,20.5,8.1,42.8,0.0,72.5,4.2,1.4,0.7,0.3,1.4,1
37.0,10.9,3.9,29.8,23.3,69.4,0.9,1.8,0.5,0.1,1.4,0
72.0,19.8,5.8,45.4,0.0,85.9,3.0,1.5,0.4,0.1,1.3,1
51.0,11.3,2.8,42.2,20.0,64.2,2.1,0.5,0.5,0.2,0.7,0
78.0,28.7,8.7,42.5,36.4,76.3,3.3,2.2,0.7,0.6,1.3,1
33.0,20.3,5.5,39.9,8.0,76.7,2.0,3.2,0.4,0.1,1.5,1
80.0,31.0,9.0,44.1,0.0,80.1,3.2,8.2,2.5,0.2,2.4,1
73.0,17.5,5.6,53.8,0.0,60.9,4.4,0.4,0.4,1.4,1.0,0
44.0,9.6,2.9,33.3,26.3,59.3,0.8,1.3,0.3,0.0,1.1,0
72.0,21.9,9.5,43.0,25.6,72.7,4.3,1.1,0.4,0.3,1.7,1
52.0,12.8,4.2,35.6,24.5,63.8,3.0,0.3,0.4,0.1,0.9,1
81.0,37.0,20.1,48.2,0.0,68.5,10.0,1.9,0.8,1.6,2.8,1
24.0,17.4,5.3,41.8,24.4,60.0,1.8,0.8,1.0,0.4,1.1,0
68.0,14.6,5.7,43.2,0.0,76.2,1.4,2.5,0.8,0.1,1.7,1
65.0,13.2,5.0,41.3,35.0,76.9,1.6,1.1,0.7,0.3,0.8,0
81.0,19.7,7.9,46.0,0.0,72.9,3.6,1.4,0.6,0.3,1.8,0
22.0,13.5,3.5,31.3,11.1,82.1,1.5,2.1,0.6,0.3,1.3,0
51.0,17.5,5.8,44.7,15.0,87.2,1.3,3.3,0.7,0.1,1.2,0
69.0,37.8,16.4,40.9,29.6,76.6,4.6,8.3,1.8,0.5,3.8,1
71.0,13.1,4.7,45.9,19.0,65.5,3.2,0.6,0.2,0.6,0.8,1
15.0,11.0,5.4,43.5,44.4,76.7,1.3,1.9,0.4,0.2,0.7,0
56.0,15.4,4.2,40.1,20.6,79.2,1.0,2.0,0.5,0.0,1.0,0
38.0,12.3,6.3,56.5,50.0,79.4,3.1,0.6,0.2,0.5,0.8,1
80.0,29.7,10.1,47.0,23.2,82.3,6.0,1.9,0.9,0.4,1.3,1
70.0,15.1,4.8,43.0,0.0,52.3,4.5,0.7,0.6,0.4,1.3,1
67.0,13.6,4.6,42.3,25.0,72.9,2.6,1.8,0.6,0.3,0.9,0
60.0,8.7,2.9,44.4,0.0,69.7,1.2,1.7,0.6,0.1,0.6,1
59.0,9.9,3.5,42.4,0.0,69.4,2.6,0.6,0.2,0.1,0.8,1
77.0,12.4,6.1,47.8,0.0,64.6,2.7,0.8,0.6,0.4,0.9,1
82.0,30.5,13.3,48.9,16.7,66.6,5.1,2.5,1.5,0.3,2.2,1
78.0,22.0,10.1,44.7,39.0,74.1,3.0,2.2,1.2,0.3,1.2,0
38.0,9.9,4.0,55.4,0.0,67.5,2.6,0.2,0.2,0.6,0.3,1
80.0,30.4,15.2,45.2,9.7,74.9,2.4,6.9,1.1,0.1,2.9,1
74.0,17.3,7.1,45.9,16.0,81.0,1.5,1.7,0.6,0.2,1.1,0
62.0,15.8,3.9,45.7,0.0,61.4,2.7,1.1,0.7,0.2,0.9,0
34.0,8.6,3.5,39.2,31.9,54.5,0.8,0.6,0.3,0.2,0.8,0
60.0,22.8,10.3,49.8,21.4,72.7,5.5,0.7,0.4,1.4,1.1,0
67.0,22.6,10.1,47.8,46.7,87.0,3.0,1.2,0.5,0.2,0.8,1
73.0,17.0,6.4,40.7,33.2,71.4,2.0,0.7,0.6,0.2,0.7,1
33.0,16.4,5.3,37.1,17.4,86.0,1.6,2.8,0.4,0.0,1.5,0
76.0,27.8,12.4,47.7,40.0,85.1,2.5,5.7,1.0,0.1,2.7,1
69.0,14.4,3.8,56.7,0.0,66.2,2.9,0.2,0.7,0.6,0.6,1
82.0,32.8,21.0,52.3,25.0,66.1,11.1,2.0,0.8,2.4,3.6,1
66.0,21.7,8.6,48.2,0.0,51.2,4.0,1.2,0.7,0.5,1.6,1
72.0,16.0,6.7,50.1,0.0,65.6,3.8,0.3,0.2,0.7,1.0,1
61.0,22.4,9.6,40.4,26.7,74.0,2.3,1.9,0.9,0.4,1.9,1
55.0,11.8,3.8,40.6,26.5,80.0,2.4,0.5,0.3,0.5,0.4,0
80.0,31.4,14.3,52.5,11.1,65.4,8.0,2.4,1.1,0.8,2.2,1
82.0,36.7,16.4,42.6,37.7,77.1,3.9,3.0,1.9,0.4,1.6,1
31.0,10.3,3.8,37.6,21.4,67.5,1.3,0.3,0.3,0.3,0.7,0
64.0,15.3,3.9,43.7,40.9,64.6,1.5,2.4,0.6,0.2,1.6,1
76.0,40.1,23.5,41.6,34.1,70.2,4.1,7.5,2.1,0.3,4.4,1
71.0,19.3,9.0,42.0,36.4,77.4,1.8,1.5,0.4,0.1,1.2,1
64.0,17.1,7.7,46.9,0.0,64.7,4.3,0.3,0.5,0.1,1.1,1
48.0,10.3,5.7,41.5,30.0,87.5,1.7,0.2,0.2,0.1,0.7,1
78.0,22.3,12.8,61.3,0.0,64.2,5.9,1.2,0.5,1.1,2.5,1
79.0,33.7,14.7,47.1,27.4,76.4,3.9,8.7,2.1,0.1,3.3,1
55.0,8.4,2.7,41.2,0.0,43.5,1.7,0.3,0.4,0.4,0.6,0
29.0,16.4,3.7,31.7,31.1,50.0,1.4,1.4,0.6,0.2,1.0,0
51.0,7.3,2.7,43.4,41.7,59.0,0.9,1.0,0.4,0.0,0.7,0
80.0,20.2,5.1,46.2,0.0,69.0,4.1,1.0,0.4,0.6,1.7,1
82.0,22.9,10.1,43.4,36.8,85.4,2.7,2.8,0.7,0.3,1.9,1
81.0,30.0,12.0,48.0,18.8,75.3,6.9,2.1,0.9,0.8,2.0,1
82.0,28.5,15.7,42.5,37.4,75.0,2.9,1.6,0.8,0.3,1.6,1
46.0,10.4,3.7,52.1,0.0,50.0,2.3,0.5,0.1,0.3,0.6,1
58.0,19.3,5.3,41.7,0.0,55.0,5.6,0.4,0.6,1.2,0.9,0
38.0,11.4,3.3,38.9,27.3,68.8,1.4,1.0,0.6,0.1,0.7,0
75.0,18.7,6.8,47.0,0.0,47.4,4.4,0.5,0.5,0.5,1.9,1
42.0,10.4,3.8,42.4,37.5,58.9,1.5,1.6,0.3,0.2,0.6,0
81.0,21.1,7.5,41.0,33.7,73.0,4.1,1.2,0.5,0.5,0.7,0
82.0,37.5,21.6,49.6,22.7,79.7,5.4,3.3,1.1,0.2,3.4,1
48.0,6.9,3.2,40.7,0.0,79.5,2.0,0.3,0.1,0.2,0.8,1
42.0,14.8,5.5,40.2,39.8,76.7,1.0,2.7,0.4,0.0,1.5,1
43.0,8.3,2.6,35.6,21.1,74.5,1.3,0.3,0.2,0.2,0.3,1
65.0,9.9,2.4,39.2,23.3,71.4,0.8,2.3,0.3,0.0,1.1,0
82.0,16.9,6.4,41.3,0.0,76.0,1.8,3.3,1.1,0.0,1.6,1
82.0,28.0,8.8,42.8,35.0,80.6,4.0,0.9,0.7,0.5,1.2,1
38.0,7.5,1.9,31.8,20.8,44.4,0.9,0.4,0.4,0.3,0.5,0
80.0,21.1,9.8,45.1,41.9,80.8,2.5,1.2,0.3,0.1,1.0,1
65.0,11.6,3.9,45.2,32.6,72.9,2.0,0.7,0.3,0.7,0.9,1
53.0,7.4,2.0,43.9,0.0,59.5,1.0,0.9,0.4,0.0,0.8,1
82.0,17.9,8.1,51.1,23.5,89.9,1.6,2.0,0.9,0.1,1.2,1
71.0,13.9,5.4,51.2,0.0,65.0,5.3,0.5,0.6,0.9,1.4,1
73.0,23.1,8.1,37.5,30.7,78.4,4.2,1.6,0.8,0.2,1.6,0
55.0,26.8,7.1,38.4,23.8,81.6,3.2,6.5,1.1,0.1,2.5,1
63.0,10.8,4.1,38.3,22.2,75.5,1.0,1.4,0.5,0.1,1.1,0
34.0,10.2,4.8,38.0,10.0,82.2,1.5,0.4,0.1,0.0,0.7,0
64.0,14.8,3.7,49.5,0.0,75.0,1.8,1.8,0.9,0.1,1.4,0
72.0,21.4,9.3,40.7,39.7,75.2,2.3,2.0,0.8,0.0,1.6,1
26.0,4.7,1.6,35.7,0.0,57.1,1.4,0.1,0.2,0.1,0.5,1
81.0,20.8,10.3,43.7,29.8,80.1,2.1,3.6,0.8,0.0,1.5,1
51.0,14.5,5.0,39.9,27.0,87.5,1.5,2.8,0.9,0.0,1.4,0
57.0,8.2,2.1,39.7,23.1,78.3,1.0,0.8,0.4,0.0,0.4,1
80.0,19.8,6.7,47.8,33.3,81.2,3.1,0.8,0.5,0.2,1.1,1
44.0,7.6,2.5,46.2,11.1,56.1,1.3,0.4,0.3,0.0,0.4,1
55.0,10.8,4.8,50.5,16.7,72.4,1.4,0.7,0.5,0.1,0.8,0
82.0,33.5,14.7,50.4,15.4,74.8,9.1,1.8,0.9,1.4,1.9,1
70.0,20.6,8.8,43.9,9.7,70.7,2.1,2.5,0.4,0.2,1.6,0
55.0,12.5,6.2,45.9,26.3,77.0,1.6,1.3,0.3,0.1,0.8,0
82.0,26.8,10.3,44.8,31.7,79.2,4.5,2.1,0.8,0.8,1.6,1
44.0,6.4,2.4,53.7,0.0,50.0,1.4,0.2,0.2,0.4,0.6,1
76.0,26.6,9.9,45.2,22.2,72.3,1.6,3.6,1.1,0.1,2.1,1
61.0,18.6,7.6,38.6,36.1,83.3,1.2,1.8,0.5,0.1,1.1,1
80.0,33.3,15.3,45.0,10.7,83.9,3.5,2.2,1.6,0.2,1.6,1
32.0,23.1,6.7,41.4,11.1,65.2,5.1,0.9,0.6,0.3,1.4,0
56.0,12.1,4.6,52.8,0.0,67.5,1.3,0.4,0.7,0.1,0.4,1
82.0,18.7,7.4,53.1,0.0,62.4,5.1,0.6,0.6,0.2,0.9,1
68.0,10.1,3.1,41.8,33.3,90.5,0.8,1.9,0.5,0.0,0.6,1
53.0,10.6,4.1,35.7,29.4,86.2,1.1,1.6,0.7,0.1,1.0,1
76.0,17.9,8.1,44.2,33.1,62.7,3.4,0.8,0.6,0.1,0.8,1
61.0,10.0,4.3,50.5,0.0,56.6,2.8,0.7,0.3,0.3,0.9,1
79.0,20.6,5.0,39.0,18.8,78.4,1.7,5.1,1.6,0.0,1.3,1
53.0,19.3,5.8,38.0,32.8,75.3,1.3,4.1,0.8,0.1,1.4,1
36.0,8.8,4.3,47.5,0.0,61.5,1.4,0.6,0.5,0.2,0.7,0
72.0,31.1,12.0,40.7,31.4,67.4,4.3,2.8,1.6,0.5,2.3,1
49.0,13.6,5.2,43.9,0.0,71.4,3.6,0.5,0.4,0.3,1.2,1
39.0,10.9,4.7,57.1,0.0,54.5,3.1,0.3,0.1,0.8,0.4,0
45.0,10.1,2.9,38.5,20.0,65.5,1.3,0.5,0.4,0.1,0.5,1
61.0,17.5,6.6,39.9,35.7,85.9,2.1,0.6,0.3,0.2,0.7,1
35.0,5.6,1.9,45.5,0.0,31.3,1.8,0.2,0.0,0.1,0.6,1
47.0,11.7,4.4,36.9,33.3,67.3,0.9,1.4,0.7,0.1,0.9,1
77.0,24.9,7.5,43.0,29.2,77.4,3.3,2.3,0.8,0.3,0.9,1
47.0,10.0,2.9,40.3,37.5,75.8,1.4,0.7,0.3,0.0,0.5,0
74.0,13.6,3.8,42.8,0.0,68.8,3.4,0.3,0.4,1.3,0.6,1
41.0,10.5,4.1,43.3,34.6,84.4,0.7,1.3,0.4,0.0,0.4,0
63.0,19.5,7.4,39.9,34.7,71.7,4.4,1.0,0.7,0.7,1.1,1
75.0,17.9,7.3,47.0,0.0,76.2,3.1,0.7,0.4,0.3,0.9,1
64.0,12.7,4.1,52.8,0.0,43.5,3.8,0.3,0.2,0.3,0.9,0
76.0,35.6,12.0,38.6,39.0,80.4,3.4,6.8,1.3,0.3,2.7,1
74.0,27.7,9.7,45.5,17.4,68.8,6.2,1.7,0.8,1.9,1.8,1
58.0,11.6,4.8,36.5,31.5,67.2,1.3,1.2,0.5,0.3,0.9,1
82.0,27.9,9.8,43.3,0.0,65.1,6.2,1.1,0.7,0.9,1.7,1
59.0,19.8,7.6,44.2,0.0,79.4,4.7,0.3,0.3,0.9,1.4,1
60.0,11.2,3.3,50.0,26.3,67.9,1.2,1.0,0.6,0.2,0.8,0
54.0,11.2,4.4,46.0,0.0,68.9,2.8,0.7,0.2,0.4,0.8,1
79.0,29.7,13.8,42.5,27.0,74.6,3.3,4.4,1.8,0.3,3.1,1
49.0,10.6,4.0,43.5,14.3,57.7,1.5,0.7,0.4,0.1,1.0,1
82.0,18.0,6.8,52.5,33.3,67.3,5.2,0.8,0.8,0.9,1.1,1
33.0,7.8,3.8,48.0,10.0,82.4,1.1,0.4,0.4,0.1,0.4,0
36.0,4.3,2.0,33.8,28.6,80.0,0.6,0.3,0.1,0.0,0.6,0
52.0,24.6,9.3,45.1,43.4,83.6,1.9,3.7,0.6,0.0,1.8,0
40.0,8.9,2.2,39.8,0.0,46.3,2.0,0.2,0.1,0.9,0.3,0
73.0,26.0,8.8,36.6,33.0,74.4,5.7,0.7,0.2,1.8,0.6,1
42.0,6.9,3.6,43.3,0.0,74.1,0.6,1.1,0.4,0.1,0.6,1
71.0,17.0,4.9,50.3,0.0,70.8,3.6,0.7,0.6,0.3,0.8,1
50.0,10.3,3.7,41.2,36.1,80.8,0.9,1.7,0.3,0.0,1.1,1
80.0,22.6,9.3,43.1,38.2,71.7,3.2,1.3,0.8,0.3,1.0,1
76.0,22.9,9.9,40.3,37.5,80.8,3.2,1.8,1.1,0.3,1.4,1
67.0,22.8,7.2,40.0,12.1,83.8,2.4,3.0,1.4,0.1,1.4,1
51.0,7.5,2.7,37.1,40.0,72.2,1.2,0.4,0.1,0.3,0.5,1
79.0,14.6,3.6,53.2,0.0,64.0,3.4,0.5,0.4,0.3,0.7,1
57.0,8.5,2.3,45.4,0.0,60.6,2.3,0.3,0.3,0.2,0.4,1
82.0,36.5,21.0,42.6,32.2,77.7,6.1,2.8,1.2,0.5,3.0,1
80.0,27.0,8.4,46.9,0.0,73.0,2.5,8.3,1.5,0.2,3.4,1
53.0,7.0,2.5,45.0,0.0,56.1,1.5,0.2,0.3,0.1,0.5,0
50.0,22.3,8.2,46.3,40.0,71.3,4.3,0.9,0.6,0.1,1.5,1
42.0,8.1,3.4,45.8,0.0,65.4,1.5,0.2,0.2,0.1,0.4,0
44.0,11.0,4.9,41.8,16.7,66.7,3.0,0.2,0.3,0.1,0.7,0
67.0,13.3,3.7,58.9,0.0,39.8,3.6,0.8,0.5,0.8,0.9,0
48.0,18.9,9.1,52.8,0.0,66.9,5.7,0.7,0.8,1.1,1.8,1
71.0,19.8,7.0,44.4,14.8,75.0,2.4,3.2,0.9,0.2,1.5,0
51.0,13.4,4.8,44.5,0.0,72.5,2.2,0.8,0.4,0.3,0.9,0
81.0,21.9,5.8,47.9,0.0,72.9,7.5,1.2,0.8,0.4,1.2,1
42.0,16.9,8.1,61.6,0.0,66.1,4.9,0.5,0.4,0.2,0.6,1
46.0,12.1,3.9,46.9,36.5,55.0,1.8,0.5,0.1,0.2,0.5,1
77.0,15.1,5.6,46.7,21.4,81.0,3.8,0.4,0.3,0.6,0.9,1
82.0,24.2,11.7,50.1,20.0,60.4,6.3,1.0,0.7,1.5,1.7,1
76.0,24.5,10.3,39.4,28.8,68.9,2.0,1.9,0.7,0.1,1.4,1
81.0,32.4,21.4,49.7,25.0,71.6,7.0,2.2,1.1,0.3,2.4,1
82.0,21.8,10.5,49.1,0.0,80.7,4.4,1.6,0.7,0.3,1.5,1
71.0,13.7,2.2,42.0,0.0,48.9,3.5,0.6,0.4,0.4,0.8,1
64.0,17.3,7.9,49.0,22.2,66.3,3.3,1.2,0.3,0.4,0.9,1
75.0,18.7,7.5,46.7,33.3,67.6,7.1,0.7,0.8,1.1,1.4,1
67.0,16.6,7.0,54.9,0.0,73.4,2.7,0.5,0.7,0.4,0.6,1
52.0,16.7,6.3,55.8,0.0,71.4,3.8,0.8,0.3,0.7,0.6,1
52.0,10.1,3.2,42.0,0.0,57.1,2.5,0.3,0.1,0.6,0.4,0
52.0,10.3,3.7,45.5,13.9,67.3,1.7,0.4,0.4,0.2,0.8,0
81.0,17.9,5.6,39.4,31.5,77.3,3.3,0.7,0.7,0.3,1.3,1
82.0,28.6,14.0,54.5,16.7,73.3,8.6,1.9,1.2,1.0,2.5,1
47.0,12.3,3.3,36.8,37.8,58.8,1.0,0.7,0.3,0.0,0.6,0
40.0,11.5,1.8,32.7,0.0,55.6,0.9,1.4,0.5,0.1,0.9,0
33.0,15.6,3.0,31.8,16.7,52.9,1.4,2.5,0.4,0.1,0.7,0
61.0,23.2,6.2,37.2,32.6,54.6,1.8,2.1,0.4,0.1,1.2,1
63.0,12.7,3.7,43.6,25.7,66.7,1.7,0.3,0.3,0.3,0.5,0
48.0,8.0,3.4,52.2,50.0,82.4,0.8,1.5,0.3,0.1,0.6,1
52.0,21.0,9.5,49.0,14.3,67.9,4.5,1.2,0.4,0.3,1.2,1
62.0,10.9,6.6,43.5,50.0,81.1,2.0,0.6,0.2,0.1,0.7,1
60.0,9.0,3.1,36.8,23.4,83.0,0.7,2.1,0.6,0.1,0.9,1
58.0,11.8,2.3,38.5,41.7,50.0,1.3,0.8,0.5,0.1,0.5,0
68.0,15.1,6.6,58.1,0.0,72.7,4.2,0.5,0.5,0.5,1.4,1
77.0,29.4,9.2,41.9,32.3,67.5,2.6,4.3,1.2,0.1,2.0,1
69.0,13.6,4.5,48.4,0.0,66.0,3.0,0.4,0.5,0.3,0.9,1
67.0,34.7,15.8,40.8,35.4,72.7,2.7,7.8,1.0,0.3,3.1,1
52.0,11.3,2.5,39.3,11.1,71.7,2.2,0.4,0.8,0.3,0.3,1
68.0,33.4,12.0,44.5,9.1,63.0,7.4,1.9,1.1,1.7,2.0,1
63.0,20.1,5.5,52.7,10.0,68.1,5.0,0.7,0.9,0.4,0.7,0
50.0,13.6,5.6,42.1,27.0,69.2,2.2,1.0,0.4,0.0,1.1,0
59.0,10.7,5.0,41.1,4.5,86.8,1.2,0.5,0.3,0.1,0.8,1
51.0,9.1,2.7,39.0,23.5,69.8,1.0,0.9,0.6,0.1,0.7,0
72.0,21.0,7.5,36.2,29.2,73.1,2.6,1.3,0.3,0.6,1.1,1
55.0,22.2,8.0,42.0,25.0,67.3,5.2,2.1,0.7,0.5,1.9,0
28.0,14.6,3.3,45.0,0.0,56.8,3.4,0.4,0.4,1.1,0.8,1
82.0,23.9,9.4,48.1,31.3,79.8,1.5,4.8,0.8,0.1,1.9,1
81.0,26.3,9.4,50.5,5.3,52.1,5.9,1.2,0.6,1.5,1.8,1
56.0,20.8,5.3,45.9,34.4,70.7,2.3,1.8,0.8,0.5,1.2,0
47.0,24.6,10.9,45.3,34.5,77.5,2.8,3.7,1.5,0.2,2.1,1
62.0,8.0,3.7,43.6,0.0,74.6,1.9,0.4,0.1,0.1,0.6,1
48.0,9.3,4.5,49.7,0.0,61.5,1.2,0.8,0.5,0.4,1.0,0
76.0,32.1,17.5,55.2,0.0,53.2,9.1,3.6,1.2,2.2,2.7,1
82.0,32.8,9.0,49.3,33.1,74.3,5.7,3.0,1.7,0.6,1.7,1
82.0,19.4,9.3,48.7,12.5,81.0,1.5,2.6,0.6,0.0,1.9,0
82.0,20.8,8.5,49.1,36.7,77.2,4.0,1.3,0.8,0.8,1.3,1
51.0,19.8,5.1,38.2,36.4,78.6,2.2,2.5,0.8,0.1,1.6,0
74.0,16.1,5.3,49.2,0.0,63.2,5.2,0.3,0.5,0.4,1.0,1
38.0,10.1,4.0,39.7,38.0,72.5,1.2,0.7,0.2,0.0,0.5,0
82.0,38.6,19.0,42.9,36.8,84.4,3.1,6.5,0.9,0.2,3.0,1
39.0,13.0,4.5,42.6,35.8,70.4,1.7,1.4,0.5,0.2,0.6,1
79.0,26.2,9.0,39.7,35.6,69.6,3.0,1.9,0.7,0.7,1.2,1
78.0,17.3,5.0,38.4,32.8,64.4,2.4,1.2,0.8,0.2,0.6,1
77.0,11.0,3.5,42.9,28.6,66.0,0.7,2.3,0.3,0.0,1.1,0
21.0,4.1,2.2,37.5,25.0,69.2,1.1,0.0,0.1,0.4,0.3,0
56.0,31.2,13.9,41.0,38.6,78.6,3.8,2.4,0.9,0.5,1.6,1
60.0,13.1,4.5,50.2,0.0,75.4,2.8,0.6,0.2,0.6,0.5,0
46.0,12.1,4.7,50.8,33.3,75.0,2.6,0.5,0.3,0.4,0.4,1
71.0,16.8,5.6,46.4,0.0,59.6,2.3,1.1,0.5,0.4,0.4,1
72.0,15.9,5.1,37.3,31.5,68.6,1.2,1.0,0.5,0.1,0.8,0
69.0,19.6,6.3,41.1,13.3,70.5,2.3,0.6,0.6,0.2,0.7,0
77.0,20.4,9.1,44.3,33.3,72.7,2.8,1.9,0.5,0.4,1.3,1
59.0,15.9,7.2,42.9,33.3,72.7,2.2,0.9,0.5,0.1,0.9,1
48.0,5.7,1.1,23.8,16.7,76.5,0.6,1.3,0.3,0.0,0.5,0
62.0,21.8,7.9,39.6,28.7,75.2,3.2,1.2,0.7,1.1,1.7,0
81.0,22.7,6.7,42.4,27.6,74.4,2.8,3.6,1.1,0.3,2.4,1
80.0,14.8,4.5,51.9,0.0,52.0,4.8,1.1,0.2,1.5,1.6,1
74.0,21.3,8.0,40.2,16.7,77.2,2.6,1.6,1.0,0.2,1.5,0
68.0,13.7,5.3,39.2,34.6,79.1,0.8,1.7,0.3,0.0,0.9,0
82.0,17.8,5.3,56.2,0.0,61.4,3.6,0.7,0.5,1.5,0.9,1
80.0,27.8,9.4,55.1,0.0,62.2,7.5,1.3,1.2,0.6,1.0,1
24.0,10.6,4.1,30.3,36.6,66.7,0.7,1.5,0.7,0.1,1.3,0
78.0,26.0,9.0,45.8,22.2,74.9,5.8,1.5,0.7,0.9,1.3,1
81.0,28.5,14.1,43.0,16.7,68.7,8.6,2.5,1.1,0.8,3.3,1
80.0,31.1,13.8,41.9,32.7,78.0,4.1,4.1,1.6,0.5,3.2,0
69.0,14.9,7.0,52.4,0.0,81.0,3.3,0.4,0.2,0.4,1.1,1
82.0,20.1,10.0,53.3,0.0,67.9,4.4,0.7,0.3,1.8,1.3,1
79.0,22.8,5.8,37.4,19.4,80.0,3.7,1.4,1.0,0.3,1.1,1
65.0,9.6,5.0,54.3,0.0,64.2,1.6,0.5,0.3,0.0,0.8,1
72.0,37.2,20.1,45.8,25.5,74.8,5.3,5.8,1.5,0.4,3.0,1
81.0,37.9,23.4,56.2,0.0,59.2,13.9,1.9,0.7,3.5,3.8,1
65.0,20.3,8.3,51.5,41.0,75.7,1.9,3.1,0.7,0.0,1.3,1
81.0,33.1,17.2,52.5,0.0,62.0,6.9,1.8,0.7,0.6,2.7,1
78.0,23.5,8.4,46.2,46.7,67.2,2.8,2.5,0.7,0.1,0.9,1
63.0,19.0,6.0,57.5,0.0,55.1,5.8,0.7,0.3,0.4,0.8,0
38.0,8.2,3.4,36.8,22.2,82.6,0.9,0.7,0.3,0.1,0.6,0
44.0,11.8,2.8,31.4,0.0,78.3,2.7,0.8,0.3,0.2,0.7,0
81.0,14.9,7.0,44.1,37.4,78.3,1.6,1.0,0.5,0.2,0.8,1
80.0,35.0,18.7,45.3,25.9,74.6,6.9,2.2,1.0,1.0,2.8,1
44.0,7.6,2.5,46.2,11.1,56.1,1.3,0.4,0.3,0.0,0.4,0
50.0,18.7,6.3,37.0,33.3,77.8,1.6,2.9,1.0,0.0,1.1,0
70.0,23.4,6.1,45.3,33.3,80.6,3.8,1.9,0.7,0.1,1.3,0
35.0,26.9,7.2,29.6,23.5,76.5,2.4,3.7,1.1,0.5,1.6,0
80.0,17.3,5.9,44.2,23.1,69.5,3.0,1.1,0.9,0.2,0.9,1
60.0,11.9,3.2,48.6,0.0,75.8,2.5,0.5,0.2,0.5,1.2,1
78.0,23.5,6.4,41.8,20.7,64.7,3.7,3.8,1.6,0.1,1.8,1
39.0,6.8,2.2,42.0,24.0,48.0,1.7,0.5,0.4,0.3,0.3,1
68.0,5.5,1.9,31.7,33.3,73.5,0.8,0.3,0.2,0.1,0.3,0
82.0,32.5,15.3,39.8,27.1,81.5,4.9,5.3,1.3,0.2,3.3,1
41.0,5.6,2.4,42.2,0.0,68.2,1.0,0.2,0.2,0.1,0.3,1
68.0,23.5,8.4,46.0,0.0,69.9,6.7,1.5,0.5,0.3,1.8,0
42.0,8.5,2.6,40.5,18.2,76.8,1.3,0.3,0.3,0.1,0.3,1
35.0,7.7,2.2,52.6,0.0,55.2,1.7,0.2,0.1,0.1,0.4,0
26.0,12.7,5.1,73.7,0.0,50.0,3.0,0.2,0.4,0.8,0.4,1
82.0,18.6,5.9,42.0,22.5,63.4,2.0,3.8,1.2,0.2,1.7,1
27.0,12.4,5.0,43.6,35.1,70.0,1.1,0.8,0.5,0.2,1.0,1
73.0,12.2,4.0,38.2,13.8,76.9,2.0,0.8,0.5,0.1,0.8,1
57.0,19.0,7.6,40.1,18.8,81.4,2.3,2.8,0.9,0.1,1.4,1
48.0,20.1,7.7,45.7,28.3,79.6,2.0,0.9,1.1,0.0,1.0,0
80.0,22.6,10.2,45.2,33.3,77.6,5.6,1.0,0.6,0.4,2.0,1
48.0,9.3,1.9,29.2,0.0,59.0,2.1,0.2,0.2,0.4,0.5,0
14.0,3.1,1.1,26.1,23.1,0.0,0.4,0.1,0.0,0.2,0.3,0
44.0,12.3,3.8,37.2,28.9,71.4,1.3,1.4,0.4,0.1,0.9,0
66.0,32.3,12.8,41.5,38.0,75.9,3.2,3.8,0.7,0.1,2.6,1
19.0,10.9,2.7,29.2,22.0,50.0,2.2,0.9,0.3,0.1,0.4,1
51.0,11.9,5.2,41.3,33.0,85.7,1.1,1.7,0.3,0.1,0.9,1
51.0,6.5,1.9,55.3,0.0,46.4,2.1,0.1,0.2,0.3,0.6,1
70.0,9.2,2.0,48.7,100.0,70.3,2.2,0.3,0.1,0.1,0.4,1
57.0,7.7,2.0,36.8,25.0,61.5,1.2,0.4,0.3,0.1,0.4,0
35.0,8.1,3.3,44.3,0.0,77.8,1.9,0.4,0.5,0.2,0.6,0
35.0,6.9,2.3,36.5,33.3,81.8,0.9,0.7,0.1,0.1,0.3,0
71.0,16.5,4.9,45.7,31.1,61.1,1.9,2.9,0.9,0.1,1.4,0
29.0,16.4,3.7,31.7,31.1,50.0,1.4,1.4,0.6,0.2,1.0,1
78.0,20.1,8.4,52.0,0.0,64.8,5.1,1.6,0.6,0.8,1.8,0
50.0,11.0,5.0,42.1,34.5,68.6,0.8,1.0,0.3,0.0,0.7,1
33.0,16.9,4.1,37.3,29.0,62.5,2.2,2.4,1.0,0.3,1.2,0
59.0,12.8,3.4,51.0,50.0,78.0,3.3,0.5,0.3,0.4,0.5,1
82.0,19.1,9.1,39.7,27.3,55.0,3.8,0.9,0.7,0.7,1.6,1
66.0,10.6,3.8,39.7,25.0,70.7,2.0,0.4,0.2,0.2,0.8,0
81.0,34.9,18.2,47.4,10.0,83.5,8.7,2.8,1.3,1.0,3.4,1
74.0,22.4,9.0,50.1,0.0,66.3,5.9,0.6,0.6,0.5,1.3,1
75.0,26.1,9.5,39.9,32.2,64.0,2.6,4.7,1.1,0.2,2.3,0
82.0,21.7,8.9,50.4,0.0,72.7,4.7,1.1,0.5,0.7,1.4,1
36.0,11.3,2.9,33.0,31.0,67.4,1.2,1.5,0.4,0.1,1.2,0
36.0,12.0,3.1,33.6,24.5,62.5,0.9,1.4,0.4,0.0,0.7,0
81.0,19.8,6.1,47.0,34.8,63.4,3.1,4.5,1.2,0.1,1.7,0
71.0,27.1,11.9,43.5,22.7,73.5,3.4,7.1,2.0,0.1,3.6,1
46.0,12.8,3.9,59.1,100.0,48.9,3.3,0.5,0.2,0.6,0.5,0
39.0,9.4,3.5,47.1,0.0,52.2,2.4,0.5,0.5,0.1,0.8,0
76.0,26.0,8.2,46.1,27.4,57.0,4.4,0.7,1.2,0.8,0.9,1
45.0,10.2,4.1,45.1,0.0,60.3,2.8,0.2,0.0,0.6,0.6,1
82.0,20.7,8.3,50.7,0.0,60.7,5.7,0.7,0.5,0.8,1.4,1
55.0,10.7,4.3,45.7,0.0,60.3,2.5,0.5,0.3,0.1,1.1,0
41.0,12.4,3.0,35.4,30.0,81.5,1.7,0.5,0.2,0.2,0.4,0
49.0,9.2,1.9,32.7,21.4,64.9,0.8,1.7,0.5,0.1,0.6,0
34.0,21.1,6.4,43.9,39.8,57.1,3.6,1.3,0.6,0.5,1.1,0
42.0,15.4,6.4,38.4,29.8,80.4,1.7,1.0,0.6,0.1,1.0,1
52.0,6.2,1.3,37.3,0.0,54.5,1.5,0.1,0.1,0.1,0.1,0
82.0,26.5,5.9,35.2,35.5,73.1,2.6,4.9,1.0,0.0,1.4,1
82.0,23.7,8.7,46.4,20.6,87.3,2.2,4.2,1.0,0.2,1.7,0
39.0,9.0,4.9,46.5,0.0,58.5,1.3,0.4,0.5,0.1,0.9,1
82.0,36.6,24.3,53.1,0.0,73.2,12.0,2.0,1.7,3.9,3.1,1
75.0,15.2,6.5,49.4,0.0,66.0,3.9,0.3,0.4,1.0,0.8,1
77.0,22.6,6.0,46.0,40.1,71.2,3.2,0.9,0.7,0.2,0.8,0
58.0,11.8,3.3,53.5,0.0,71.2,2.6,0.4,0.3,0.9,0.3,0
39.0,6.0,3.3,41.9,36.4,67.7,0.9,0.7,0.1,0.1,0.8,0
48.0,27.5,15.8,52.4,33.3,70.7,4.6,1.3,1.8,0.8,1.9,0
82.0,25.5,11.1,44.9,20.4,77.4,3.4,5.8,1.0,0.2,2.0,1
82.0,38.0,22.5,50.6,29.2,64.2,12.1,3.8,0.8,0.6,2.7,1
54.0,10.8,3.1,47.8,0.0,68.9,1.9,0.2,0.3,0.4,0.9,0
81.0,22.2,8.2,45.4,31.6,73.9,2.7,4.8,0.8,0.3,2.0,1
62.0,9.9,4.1,53.7,25.0,61.5,2.1,0.3,0.3,0.5,0.6,1
53.0,12.4,4.3,36.5,25.9,80.6,1.1,1.5,0.3,0.0,1.1,1
41.0,10.4,3.5,40.3,47.7,83.3,1.3,0.3,0.3,0.1,0.5,1
21.0,4.9,0.7,33.3,0.0,50.0,1.1,0.1,0.1,0.3,0.1,0
75.0,23.9,7.3,45.9,0.0,76.5,6.3,0.7,0.4,0.3,1.0,1
81.0,25.4,9.2,43.9,35.9,75.8,4.1,1.2,0.6,0.2,1.3,1
67.0,10.1,3.1,38.4,18.8,66.1,0.9,2.5,0.5,0.0,1.1,1
81.0,35.4,20.6,46.4,19.2,71.6,3.6,2.4,1.3,0.5,2.9,1
51.0,13.2,3.9,40.2,36.7,76.9,2.1,0.8,0.3,0.2,0.7,0
63.0,10.7,3.7,42.7,31.6,63.3,2.1,0.2,0.3,0.1,0.5,0
59.0,23.4,6.9,39.3,26.9,79.0,2.7,2.2,1.0,0.6,1.4,0
72.0,29.0,12.6,39.4,28.4,66.2,5.6,1.5,0.6,1.2,1.6,1
59.0,9.1,3.3,37.3,0.0,76.5,1.3,0.9,0.5,0.2,0.6,1
78.0,15.0,4.7,47.2,9.1,61.9,3.1,1.1,1.0,0.8,1.2,0
81.0,15.7,4.7,41.8,31.0,72.2,1.6,3.3,0.5,0.1,1.1,1
27.0,6.6,1.3,47.2,0.0,28.6,2.0,0.2,0.2,0.6,0.3,1
48.0,14.6,3.0,37.1,31.5,57.1,0.9,3.0,0.5,0.1,1.2,0
78.0,33.9,21.0,51.1,0.0,78.1,10.3,1.0,0.3,3.5,3.0,1
45.0,10.3,3.3,41.9,12.5,82.1,0.9,0.9,0.3,0.0,0.7,1
82.0,17.2,7.7,45.1,25.0,72.8,2.9,1.9,1.3,0.3,1.5,1
79.0,16.6,6.8,39.5,28.2,84.7,2.1,3.3,0.4,0.0,1.8,0
32.0,18.8,5.9,41.9,37.5,68.1,2.5,1.3,1.0,0.3,0.9,0
66.0,21.4,7.0,56.3,0.0,64.8,5.3,0.6,0.7,1.0,0.7,0
50.0,10.6,3.7,44.9,13.3,57.4,2.9,0.3,0.2,0.4,0.4,0
21.0,7.4,3.8,38.2,38.5,92.3,0.5,1.2,0.2,0.0,0.5,0
76.0,14.6,4.5,45.5,28.6,65.9,3.0,0.3,0.3,0.7,0.6,1
80.0,28.2,10.5,42.7,27.6,74.4,4.7,1.5,0.6,0.6,2.0,1
65.0,9.5,5.0,47.6,7.1,82.8,1.5,1.2,0.1,0.0,0.8,1
76.0,22.5,8.8,41.5,0.0,73.6,5.1,1.7,0.8,0.5,1.3,1
80.0,20.0,8.5,55.8,0.0,67.3,3.9,1.1,0.9,0.5,1.9,1
60.0,20.7,7.9,60.8,50.0,37.1,7.6,0.5,1.0,1.6,0.9,1
79.0,33.7,14.7,47.1,27.4,76.4,3.9,8.7,2.1,0.1,3.3,0
66.0,21.7,4.6,37.2,34.6,68.2,3.5,0.7,1.1,0.5,0.6,0
33.0,7.2,2.4,37.1,30.0,78.6,0.7,0.9,0.1,0.0,0.7,0
82.0,29.1,9.4,44.1,40.4,76.3,2.0,3.7,1.0,0.0,1.5,1
47.0,13.1,4.3,53.6,0.0,55.4,3.9,0.1,0.4,0.7,0.6,1
61.0,14.2,5.4,46.5,46.4,82.4,1.6,1.6,0.6,0.1,1.1,1
25.0,22.6,6.7,41.3,28.3,76.7,2.2,3.0,0.7,0.5,2.2,0
78.0,17.0,7.1,41.7,38.6,90.9,1.2,2.8,0.5,0.0,0.9,1
67.0,16.9,5.1,59.6,0.0,57.7,4.5,0.6,0.5,0.3,0.8,1
42.0,10.0,3.8,35.7,28.3,78.6,1.7,0.7,0.3,0.2,0.5,0
68.0,24.5,8.0,57.3,0.0,69.6,7.3,0.6,0.6,1.4,0.5,1
34.0,8.6,3.5,39.2,31.9,54.5,0.8,0.6,0.3,0.2,0.8,1
74.0,19.5,7.0,40.8,13.3,75.3,1.8,4.9,1.2,0.2,2.5,0
76.0,29.2,10.0,53.7,0.0,71.1,8.6,2.8,0.7,2.7,2.3,1
38.0,9.6,1.8,29.1,30.0,64.0,1.0,1.1,0.3,0.1,0.5,0
69.0,16.1,5.5,41.4,33.8,82.3,1.6,2.4,0.8,0.1,1.2,1
82.0,17.7,5.9,42.1,33.3,77.6,3.9,0.9,0.4,0.3,1.0,1
40.0,10.5,4.4,39.1,37.3,91.7,0.8,0.5,0.1,0.0,0.5,0
37.0,8.3,3.5,49.0,0.0,67.4,1.3,0.5,0.5,0.2,0.5,0
74.0,35.2,18.4,46.7,34.2,73.1,10.3,2.2,1.0,1.3,2.9,1
80.0,28.6,13.2,51.1,25.0,63.6,7.5,1.2,0.6,1.4,2.0,1
53.0,16.1,5.0,41.4,39.6,90.3,1.2,1.3,0.4,0.0,0.6,0
43.0,9.6,3.4,48.3,0.0,88.2,2.0,0.2,0.3,0.0,0.6,0
63.0,8.2,3.6,37.4,22.0,64.4,1.1,0.8,0.6,0.1,0.7,0
78.0,16.3,5.4,40.0,29.4,70.8,1.7,2.7,0.6,0.0,1.8,1
24.0,15.1,4.7,40.4,38.2,47.8,2.8,0.4,1.2,0.5,0.6,0
38.0,11.1,3.9,32.5,20.0,70.0,0.9,0.9,0.1,0.2,1.0,0
36.0,15.7,5.8,41.4,41.4,80.5,1.9,0.9,0.3,0.1,0.9,1
51.0,20.7,8.4,49.7,0.0,66.7,5.4,0.8,0.5,0.5,1.5,1
62.0,13.3,4.3,46.5,0.0,64.4,2.7,0.6,0.2,0.2,1.0,0
44.0,9.2,3.0,35.4,35.7,71.1,1.0,0.4,0.2,0.2,0.4,0
82.0,23.4,12.8,60.0,0.0,62.0,6.8,1.4,0.4,0.5,2.3,1
53.0,12.4,3.4,37.9,36.0,93.8,2.5,0.4,0.3,0.0,0.2,0
24.0,9.3,2.3,31.6,28.0,73.3,0.6,1.4,0.4,0.0,0.8,0
82.0,17.0,5.6,53.7,0.0,70.3,4.6,0.4,0.4,0.6,0.8,1
77.0,35.6,15.4,46.4,36.9,74.6,3.5,3.8,1.6,0.7,2.6,1
35.0,13.9,4.8,43.4,0.0,69.5,2.4,0.9,0.2,0.1,0.7,0
76.0,22.6,6.9,50.8,0.0,63.6,5.1,0.9,0.6,1.9,1.3,1
70.0,29.2,9.6,40.0,30.5,78.6,3.8,1.5,1.0,0.2,1.6,1
72.0,16.9,6.3,46.4,9.1,72.7,2.1,1.8,0.8,0.1,1.0,0
34.0,13.4,4.9,44.6,31.6,63.2,1.8,0.6,0.3,0.3,0.6,0
63.0,13.1,6.0,48.2,0.0,53.3,4.7,0.5,0.3,0.7,0.8,1
82.0,30.2,14.7,47.9,0.0,70.6,5.4,2.5,1.2,0.4,2.0,1
41.0,5.2,2.0,48.5,0.0,73.9,1.0,0.2,0.1,0.2,0.5,0
81.0,33.3,13.6,39.4,33.8,78.1,2.9,5.8,1.1,0.1,1.8,1
52.0,13.4,4.8,50.7,0.0,67.5,4.1,0.5,0.4,0.8,0.7,1
45.0,8.5,2.7,47.5,0.0,75.0,1.5,0.3,0.2,0.2,0.6,1
58.0,11.5,3.3,50.8,0.0,78.7,2.3,0.2,0.2,0.7,0.4,1
63.0,22.1,9.0,50.3,0.0,72.2,5.0,0.4,0.3,1.2,0.7,1
50.0,31.2,10.9,46.5,43.3,63.9,1.7,1.9,0.5,0.2,1.3,1
77.0,31.9,13.3,45.7,0.0,73.2,7.4,1.4,0.6,0.7,2.0,1
70.0,26.8,12.5,45.7,29.2,71.2,6.5,1.2,0.8,0.5,2.1,1
52.0,9.8,3.5,44.7,50.0,66.1,2.1,0.3,0.2,0.1,0.8,1
35.0,5.5,1.5,36.0,33.3,100.0,0.7,0.2,0.1,0.0,0.1,1
65.0,18.5,7.4,50.1,0.0,57.1,4.5,1.0,1.0,0.3,1.2,0
78.0,20.1,8.4,52.0,0.0,64.8,5.1,1.6,0.6,0.8,1.8,1
39.0,22.2,8.9,44.6,0.0,83.2,3.2,1.3,0.6,0.1,1.1,1
40.0,15.4,6.1,52.8,23.8,73.7,2.1,0.6,0.5,0.2,0.7,0
77.0,15.9,6.2,47.6,25.0,73.5,3.3,0.8,0.3,0.3,1.1,0
82.0,32.6,15.5,37.1,37.4,81.7,3.4,5.7,1.3,0.2,2.4,1
19.0,4.8,1.6,37.8,0.0,37.5,1.0,0.4,0.3,0.2,0.3,0
82.0,35.6,18.9,49.1,0.0,71.6,9.3,1.4,0.6,1.5,3.0,1
72.0,29.0,13.5,49.3,0.0,60.2,7.4,1.3,0.5,1.1,2.2,1
67.0,9.0,3.7,38.8,29.2,75.6,0.7,1.4,0.4,0.1,1.0,0
46.0,9.9,2.8,51.5,0.0,61.0,2.8,0.1,0.3,0.8,0.4,0
60.0,8.7,2.9,44.4,0.0,69.7,1.2,1.7,0.6,0.1,0.6,0
26.0,10.3,4.1,56.1,0.0,68.2,3.4,0.4,0.3,0.4,0.5,0
60.0,8.7,2.9,44.4,0.0,69.7,1.2,1.7,0.6,0.1,0.6,1
82.0,19.6,7.4,41.9,4.3,80.6,2.0,3.9,1.0,0.3,1.7,1
57.0,10.0,3.3,36.9,30.8,63.8,2.2,0.8,0.7,0.4,1.2,0
50.0,21.3,8.7,41.4,36.5,76.3,2.3,1.7,0.6,0.2,0.9,0
80.0,33.7,15.7,53.8,0.0,69.6,8.1,3.8,0.6,0.8,3.1,1
50.0,35.2,13.2,43.0,20.3,75.1,2.7,6.5,1.6,0.1,2.9,1
79.0,16.6,6.8,39.5,28.2,84.7,2.1,3.3,0.4,0.0,1.8,0
82.0,31.4,9.6,51.2,0.0,58.8,12.1,1.1,0.8,0.8,1.8,1
80.0,21.3,9.6,47.7,0.0,68.4,5.1,1.8,0.7,0.2,1.3,1
72.0,37.5,19.2,41.4,31.8,74.7,3.7,3.9,1.1,1.1,3.5,1
57.0,13.5,5.0,38.0,25.6,78.6,1.3,1.3,0.5,0.0,0.9,1
81.0,23.3,8.1,41.5,29.3,80.7,2.0,4.3,1.1,0.1,1.9,1
82.0,37.4,22.9,45.5,21.3,68.4,4.8,4.8,2.5,1.0,4.2,1
82.0,22.5,6.1,46.0,0.0,69.7,5.6,1.0,0.3,0.9,1.9,1
64.0,11.9,5.3,37.7,40.4,75.3,1.1,1.2,0.4,0.1,0.9,1
71.0,16.0,6.9,46.4,0.0,72.0,2.7,1.2,0.5,0.4,1.0,0
72.0,14.6,5.1,39.0,100.0,63.7,4.1,0.6,0.3,1.0,1.2,1
82.0,29.7,11.9,48.6,0.0,74.9,6.7,1.8,1.5,0.6,2.5,1
55.0,9.4,4.5,44.9,36.0,73.7,1.2,0.6,0.3,0.1,0.6,0
77.0,29.4,7.5,37.1,32.8,72.7,2.2,4.3,0.8,0.1,1.6,1
82.0,30.8,10.1,48.0,0.0,71.6,4.0,2.0,1.2,0.6,2.0,1
61.0,8.1,3.1,37.6,0.0,65.6,1.8,0.2,0.3,0.2,0.7,0
72.0,7.3,2.5,41.5,0.0,73.8,1.3,0.6,0.3,0.0,0.5,0
57.0,35.4,16.8,45.6,37.7,83.8,4.4,4.0,1.2,0.2,2.0,1
46.0,6.8,3.3,50.4,40.0,70.6,1.1,0.4,0.3,0.1,0.7,0
48.0,11.3,4.1,46.2,0.0,69.0,2.0,0.6,0.5,0.3,0.7,0
53.0,6.3,2.4,50.0,33.3,35.0,1.0,0.2,0.3,0.0,0.4,0
82.0,26.9,9.0,49.4,0.0,64.6,7.5,0.9,0.6,1.3,1.4,1
70.0,14.4,7.1,47.1,0.0,66.7,3.5,0.7,0.3,1.1,0.8,1
52.0,10.2,4.2,45.4,0.0,51.6,3.0,0.5,0.4,0.4,0.6,1
80.0,16.4,4.9,45.1,0.0,60.3,3.6,0.4,0.8,1.0,0.8,1
57.0,11.2,3.9,53.3,41.7,63.5,2.1,0.7,0.5,0.2,0.6,0
38.0,7.7,1.4,32.9,28.6,42.9,0.6,1.2,0.6,0.1,0.7,0
76.0,29.3,10.4,51.4,0.0,80.7,5.9,1.6,0.7,0.6,1.5,1
73.0,25.6,14.5,45.1,37.4,81.4,2.9,1.6,0.8,0.1,1.0,1
59.0,24.4,8.8,38.1,33.2,82.5,3.0,1.3,0.4,0.1,1.1,1
76.0,36.4,16.6,43.8,36.0,71.9,7.8,4.2,1.2,1.3,3.4,1
77.0,17.8,8.4,47.8,18.2,75.1,3.9,0.8,0.3,0.3,1.8,1
76.0,27.6,14.1,45.7,36.6,71.7,5.2,1.6,1.3,0.8,2.5,1
38.0,4.7,1.8,38.8,0.0,88.2,0.6,0.7,0.1,0.0,0.5,1
75.0,15.8,7.3,51.3,0.0,69.9,3.0,1.1,0.3,0.3,1.4,1
82.0,34.5,15.5,58.2,0.0,62.4,12.3,1.3,1.0,1.0,2.9,1
82.0,32.0,10.0,42.0,36.7,76.7,2.8,4.9,1.9,0.1,2.0,1
48.0,8.7,3.2,40.6,0.0,67.8,1.6,0.6,0.3,0.2,1.0,0
82.0,37.2,19.2,49.0,22.7,82.9,11.0,3.6,1.0,0.6,1.9,0
79.0,25.6,9.4,41.9,31.1,77.8,5.1,1.6,0.7,0.6,1.1,1
45.0,32.4,11.8,39.9,35.2,80.8,4.2,3.3,1.2,0.3,1.4,0
82.0,21.1,9.0,46.7,23.1,77.2,3.8,1.5,0.8,0.5,0.9,0
79.0,19.2,8.5,40.5,29.9,82.4,1.5,1.3,0.4,0.2,1.3,1
42.0,11.4,5.0,46.7,26.1,81.5,2.4,0.5,0.3,0.2,0.7,1
34.0,13.0,3.5,36.4,32.7,100.0,0.9,1.5,0.3,0.1,0.9,1
40.0,10.0,1.9,48.5,15.4,70.0,2.4,0.4,0.5,0.3,0.5,0
75.0,11.4,3.7,42.3,32.5,73.2,0.8,1.8,0.4,0.0,0.7,0
79.0,16.8,8.0,48.6,0.0,74.7,1.9,1.5,0.7,0.2,1.2,1
35.0,4.2,2.9,36.1,9.1,66.7,0.5,0.6,0.1,0.1,0.4,0
81.0,28.9,13.5,41.7,35.8,82.6,2.4,4.4,1.0,0.0,2.9,0
41.0,17.4,5.6,41.8,37.5,82.9,2.7,2.9,0.9,0.5,1.1,1
81.0,20.5,8.6,42.8,29.9,81.6,3.5,1.8,0.5,0.3,1.5,1
36.0,6.6,1.9,32.2,0.0,64.7,0.8,0.4,0.3,0.1,0.6,1
76.0,16.4,8.1,42.9,40.0,83.3,1.8,1.8,0.8,0.2,1.4,1
54.0,10.2,4.8,42.6,0.0,38.4,3.7,1.1,0.4,0.1,0.9,1
55.0,9.3,3.1,47.4,0.0,56.3,2.6,0.4,0.2,0.3,0.6,1
72.0,17.6,5.0,43.9,27.3,68.6,4.4,0.8,0.3,0.4,0.9,0
70.0,40.9,19.0,42.6,39.5,79.7,4.0,9.3,1.4,0.3,3.8,1
67.0,16.9,5.1,59.6,0.0,57.7,4.5,0.6,0.5,0.3,0.8,0
40.0,11.7,6.5,50.9,0.0,85.1,1.2,1.2,0.5,0.0,0.8,0
61.0,17.2,4.6,35.2,35.0,79.4,1.5,2.3,0.7,0.2,1.4,1
79.0,14.6,5.3,41.1,34.6,70.2,1.7,2.9,0.7,0.3,1.5,1
54.0,20.4,6.3,48.0,0.0,65.1,5.6,0.6,0.4,0.2,1.1,0
65.0,25.5,11.5,44.8,37.9,83.2,2.6,4.1,0.8,0.1,1.6,1
68.0,12.6,3.9,35.8,16.7,79.4,1.5,2.3,0.8,0.0,1.3,1
41.0,8.3,3.1,42.7,0.0,75.0,1.4,1.1,0.3,0.0,0.6,0
82.0,18.9,6.6,50.0,0.0,70.0,5.3,1.0,0.7,0.2,1.2,1
62.0,14.1,5.2,34.1,28.4,67.1,1.1,1.5,0.6,0.1,1.0,0
72.0,10.1,2.4,42.5,33.3,70.5,1.8,1.6,0.4,0.1,0.6,1
79.0,37.7,18.0,42.2,27.3,73.6,8.8,4.0,1.4,1.1,2.9,1
55.0,12.1,3.2,53.9,0.0,54.5,3.1,0.4,0.3,0.5,0.6,0
47.0,29.5,13.4,36.9,31.6,80.0,1.7,2.8,0.8,0.1,1.8,0
82.0,30.5,13.0,53.1,0.0,79.3,8.1,1.0,0.5,1.8,1.8,1
49.0,7.3,2.6,36.4,22.2,66.0,0.6,1.4,0.3,0.1,0.9,1
44.0,7.9,3.3,41.5,0.0,66.0,0.9,0.8,0.5,0.1,0.9,0
62.0,12.5,3.9,38.4,16.1,80.5,1.0,1.3,0.5,0.1,0.9,0
54.0,8.2,3.2,45.6,18.8,74.4,1.3,0.6,0.2,0.1,0.5,0
68.0,13.3,5.0,37.2,35.3,66.7,1.8,0.5,0.4,0.3,0.8,0
26.0,9.9,4.4,43.2,36.2,40.0,2.4,0.8,0.1,0.1,0.6,1
57.0,8.3,2.9,38.4,0.0,69.6,1.9,0.3,0.2,0.7,0.6,1
53.0,12.3,1.5,32.6,0.0,56.4,3.1,0.4,0.2,0.8,0.8,0
35.0,11.0,3.8,39.3,0.0,35.3,2.9,0.5,0.2,0.2,1.1,0
70.0,20.6,6.4,46.1,0.0,74.0,4.2,0.8,0.4,0.3,0.8,1
74.0,22.1,10.6,48.4,23.5,80.6,2.2,2.4,1.1,0.3,1.6,1
72.0,26.8,6.7,42.4,28.1,75.3,5.2,2.5,1.6,0.2,1.3,1
68.0,19.6,6.8,39.3,24.6,78.9,1.5,3.3,0.5,0.1,1.8,1
82.0,31.0,9.7,49.7,39.3,76.9,6.4,1.9,1.0,0.2,1.3,1
53.0,13.7,4.1,41.2,33.3,68.3,1.1,2.6,0.5,0.1,1.0,1
80.0,17.8,8.3,44.8,26.2,78.7,1.5,2.2,0.7,0.1,1.4,0
39.0,6.9,1.3,41.2,0.0,50.0,1.9,0.3,0.2,0.3,0.4,0
24.0,17.5,5.2,39.1,38.5,72.5,1.1,2.9,1.0,0.1,1.0,0
78.0,13.3,3.6,51.7,0.0,60.8,2.9,0.8,0.3,1.1,0.8,1
47.0,11.1,2.7,38.8,0.0,70.0,2.4,0.9,0.2,0.4,0.7,0
60.0,8.7,3.8,46.8,0.0,69.0,1.5,0.7,0.3,0.3,0.6,1
78.0,19.7,6.8,51.7,0.0,59.5,5.3,0.5,0.4,0.9,1.0,1
57.0,11.2,4.1,51.3,0.0,66.7,3.7,0.9,0.2,0.5,0.7,1
74.0,20.5,9.3,45.9,9.1,66.4,4.4,1.5,0.7,0.2,1.3,1
33.0,7.8,3.8,48.0,10.0,82.4,1.1,0.4,0.4,0.1,0.4,1
68.0,13.0,3.6,59.2,0.0,54.7,3.4,0.3,0.3,0.3,0.7,0
15.0,7.9,1.9,27.0,0.0,66.7,1.5,0.5,0.1,0.1,1.0,0
64.0,17.2,3.9,50.5,0.0,69.7,3.6,0.5,0.6,1.2,1.0,1
65.0,19.4,6.8,39.3,27.6,77.6,1.4,2.0,0.7,0.0,1.6,1
31.0,10.7,3.4,35.3,25.8,55.2,1.4,0.4,0.3,0.1,0.2,0
57.0,12.2,5.0,41.0,32.4,79.2,1.5,1.9,0.6,0.1,0.8,0
78.0,22.7,9.2,45.4,22.2,64.6,4.7,2.4,1.6,0.4,1.6,1
68.0,11.1,2.7,36.4,11.1,81.0,1.1,1.9,0.2,0.0,1.4,0
49.0,15.9,6.2,46.8,0.0,67.5,3.0,0.4,0.4,0.3,0.5,1
23.0,8.8,3.4,36.8,25.0,75.0,1.7,0.7,0.3,0.1,0.4,1
69.0,17.7,7.5,51.3,0.0,55.3,3.4,0.7,0.4,0.2,1.3,1
63.0,25.2,15.9,53.1,0.0,64.9,4.9,1.7,0.6,0.6,2.4,0
81.0,37.0,16.8,47.5,22.2,78.8,3.9,6.3,0.8,0.2,2.5,1
77.0,21.5,10.4,46.8,39.0,78.6,2.3,2.2,0.8,0.2,1.6,1
60.0,10.2,3.1,51.8,0.0,69.1,2.0,0.1,0.2,0.7,0.5,1
46.0,12.1,4.5,40.5,16.7,76.3,1.8,1.3,0.7,0.1,1.2,1
35.0,6.2,3.3,43.5,40.0,88.9,0.7,0.3,0.2,0.2,0.6,0
75.0,15.7,6.1,44.1,0.0,71.4,2.5,2.3,0.5,0.2,1.3,1
68.0,11.1,2.7,36.4,11.1,81.0,1.1,1.9,0.2,0.0,1.4,1
49.0,18.1,6.8,41.5,34.1,71.2,2.1,1.6,0.7,0.2,1.2,1
59.0,12.1,4.7,41.6,34.8,69.9,1.9,0.7,0.3,0.5,0.9,1
79.0,26.1,11.7,43.2,24.8,74.5,2.6,3.8,1.1,0.1,2.3,1
58.0,11.6,5.7,42.6,22.6,68.9,1.9,0.8,0.6,0.1,1.0,1
81.0,22.6,7.7,50.1,0.0,62.6,5.5,1.1,0.6,0.7,1.1,1
74.0,15.5,5.5,40.6,0.0,67.5,3.3,0.2,0.3,0.7,1.0,0
54.0,11.4,4.6,51.0,0.0,82.0,1.2,0.5,0.3,0.0,0.8,1
52.0,14.9,4.5,38.2,27.7,58.5,2.0,1.6,0.6,0.1,1.1,0
56.0,28.2,13.2,42.3,0.0,76.7,7.5,1.3,1.0,1.8,2.3,1
40.0,9.5,3.8,42.2,20.0,89.7,0.7,1.5,0.1,0.1,0.6,0
72.0,11.9,2.9,50.9,0.0,45.9,2.5,0.6,0.3,0.7,0.7,0
78.0,36.0,16.1,43.0,28.2,84.7,5.1,7.8,2.2,0.1,2.4,1
78.0,22.6,7.5,46.2,32.3,77.7,4.9,1.2,0.7,0.8,1.0,1
68.0,10.6,4.1,44.3,0.0,66.1,2.1,0.4,0.2,0.3,0.8,1
56.0,18.6,8.5,49.4,30.6,76.9,2.6,2.1,0.9,0.2,0.8,1
63.0,11.4,4.2,44.6,0.0,73.6,3.4,0.2,0.2,0.3,0.8,1
81.0,25.0,12.5,46.8,28.0,55.7,2.6,2.0,0.8,0.1,1.9,1
77.0,23.1,11.0,44.7,36.3,74.0,3.7,1.2,0.7,0.2,1.5,1
56.0,15.4,8.7,47.9,42.1,75.9,2.1,0.5,0.3,0.2,0.9,0
75.0,15.4,7.5,43.9,40.0,81.5,1.5,0.8,0.5,0.1,1.3,1
59.0,12.9,5.6,54.4,0.0,64.9,2.9,1.0,0.3,0.5,1.0,1
54.0,9.9,2.8,48.7,0.0,75.9,2.0,0.3,0.4,0.2,0.8,1
81.0,34.5,14.7,42.6,28.1,64.4,9.6,3.8,1.6,0.4,2.8,1
72.0,33.8,17.0,42.4,28.8,70.4,2.9,7.8,2.1,0.2,4.2,1
50.0,6.2,1.7,31.0,0.0,60.4,1.0,0.3,0.3,0.1,0.4,0
68.0,11.6,2.7,36.7,32.1,86.0,1.8,1.0,0.4,0.1,0.6,0
60.0,16.5,4.6,42.4,41.9,71.8,1.5,1.2,0.4,0.1,0.7,1
76.0,11.5,3.0,39.3,27.9,69.6,1.2,0.9,0.1,0.1,0.8,1
65.0,9.5,5.0,47.6,7.1,82.8,1.5,1.2,0.1,0.0,0.8,0
66.0,27.2,12.1,36.6,30.5,78.9,3.5,4.4,0.9,0.3,1.8,1
46.0,10.7,2.9,58.3,50.0,82.5,1.3,0.8,0.4,0.1,0.8,0
61.0,13.2,5.3,43.7,0.0,64.3,2.8,0.8,0.2,0.2,0.8,1
66.0,24.4,12.5,44.3,41.4,86.8,2.4,2.0,0.7,0.3,1.6,1
76.0,19.3,5.6,43.8,0.0,66.7,4.6,0.6,0.7,0.7,0.6,1
81.0,17.1,5.9,40.0,31.4,75.6,1.6,2.2,1.1,0.2,1.5,1
47.0,15.1,6.2,38.6,41.4,76.4,1.5,0.9,0.4,0.1,0.9,0
81.0,28.1,14.7,51.5,0.0,68.4,7.2,1.0,0.4,0.5,2.3,1
51.0,13.8,5.6,51.4,18.2,68.9,2.6,0.6,0.4,0.8,0.6,0
64.0,28.8,13.5,51.6,0.0,75.1,8.2,1.0,1.2,1.8,1.4,1
81.0,24.4,12.1,44.4,32.4,82.6,1.9,1.9,0.3,0.2,1.4,1
49.0,7.0,3.2,38.9,34.0,65.9,1.5,0.2,0.2,0.1,0.4,1
53.0,10.8,2.8,60.4,0.0,42.5,2.8,0.3,0.4,0.4,0.4,0
80.0,15.8,4.3,43.3,14.3,79.2,1.2,2.5,0.6,0.2,0.8,0
79.0,31.3,11.0,48.6,27.8,63.7,6.1,3.2,1.1,0.3,1.9,1
51.0,6.6,2.5,51.0,50.0,71.4,1.9,0.3,0.2,0.3,0.5,1
42.0,11.0,3.3,38.0,33.3,75.0,0.8,1.0,0.6,0.1,0.7,0
65.0,21.3,9.5,41.7,37.0,82.0,2.2,1.0,0.7,0.1,1.1,0
74.0,11.9,4.5,35.2,39.1,79.2,1.5,0.5,0.3,0.1,0.6,1
68.0,15.6,4.9,50.5,18.5,56.7,4.3,0.6,0.8,0.7,0.7,1
77.0,18.3,4.5,42.1,50.0,70.1,3.9,1.1,0.4,0.6,0.9,1
79.0,24.3,9.4,45.7,23.2,71.3,3.7,1.8,0.8,0.6,1.4,1
45.0,10.2,3.5,38.3,11.1,51.4,0.7,1.5,0.8,0.1,0.9,0
68.0,11.6,4.8,51.7,50.0,71.8,2.3,0.5,0.3,0.4,1.1,1
60.0,9.2,3.4,36.7,0.0,50.9,1.6,0.4,0.4,0.1,0.7,0
47.0,22.5,9.6,45.2,30.0,58.8,6.4,0.7,0.8,0.3,1.4,1
78.0,14.3,4.9,49.2,0.0,66.9,3.3,1.3,0.4,0.2,1.3,1
40.0,5.3,2.2,38.0,0.0,75.6,1.2,0.3,0.1,0.1,0.5,0
56.0,11.2,5.6,49.6,0.0,80.0,1.6,0.4,0.5,0.1,1.2,1
37.0,8.6,2.1,36.3,19.0,66.7,1.5,0.3,0.2,0.0,0.4,0
64.0,15.1,3.6,45.3,36.4,63.9,1.3,2.0,0.9,0.1,0.8,1
80.0,33.9,14.6,48.5,0.0,74.5,7.9,1.9,0.7,2.1,1.7,1
52.0,21.3,6.6,45.2,46.1,66.7,2.1,1.4,0.7,0.5,0.7,0
76.0,14.9,5.5,48.1,27.0,78.5,1.7,3.5,0.9,0.0,1.4,0
79.0,21.3,9.2,49.8,36.4,73.4,3.4,3.5,1.6,0.3,2.1,1
82.0,30.9,13.4,43.0,39.3,82.3,4.0,2.6,0.9,0.1,1.8,1
26.0,9.7,2.2,42.4,0.0,50.0,2.2,0.2,0.1,0.8,0.3,0
71.0,19.6,6.1,49.7,0.0,60.4,4.8,0.8,0.4,1.3,1.4,1
56.0,10.6,3.4,41.5,0.0,80.0,0.8,1.9,0.5,0.1,0.8,0
45.0,12.9,4.0,51.2,0.0,76.2,3.7,0.5,0.2,0.3,0.7,1
62.0,11.5,5.8,44.1,32.0,79.7,1.7,0.7,0.4,0.1,0.9,1
75.0,23.9,9.4,40.5,32.5,75.1,2.5,3.3,1.2,0.2,1.8,0
61.0,14.8,6.1,44.6,38.4,84.3,1.5,0.9,0.2,0.2,0.7,1
35.0,5.6,1.8,31.8,29.4,50.0,0.5,0.2,0.2,0.0,0.2,0
40.0,10.1,3.1,42.6,33.3,75.0,1.1,1.8,0.5,0.1,1.0,0
80.0,19.8,5.9,39.6,31.9,77.0,2.0,0.7,0.9,0.1,0.3,0
80.0,25.0,8.3,44.1,0.0,70.3,3.8,2.4,0.9,0.0,1.4,1
82.0,28.1,8.6,43.3,0.0,82.6,4.6,5.8,0.9,0.3,2.3,1
22.0,10.6,2.5,27.7,26.2,87.5,1.6,0.5,0.3,0.1,0.4,0
81.0,20.1,9.7,40.5,39.9,80.9,1.6,2.5,0.7,0.0,1.5,1
39.0,16.6,5.4,35.5,26.2,75.0,2.5,0.9,0.6,0.3,1.0,0
80.0,28.9,8.8,40.3,36.1,69.9,3.3,2.7,1.1,0.1,1.5,1
53.0,9.7,3.6,45.6,0.0,58.5,1.8,0.1,0.1,0.8,0.3,1
50.0,9.6,4.1,41.5,19.2,75.4,1.1,1.8,0.6,0.1,1.0,1
52.0,10.7,1.9,47.1,0.0,59.3,2.6,0.3,0.2,0.2,0.5,0
33.0,4.6,1.1,39.0,0.0,62.5,0.8,0.1,0.1,0.1,0.1,0
63.0,16.3,6.3,45.3,28.1,72.6,1.9,2.5,0.8,0.2,1.3,0
65.0,24.7,12.0,47.0,4.3,77.0,2.9,1.9,1.0,0.1,1.7,1
44.0,7.6,1.1,38.5,0.0,44.4,1.9,0.4,0.2,0.3,0.5,0
59.0,12.8,5.1,41.6,0.0,70.6,2.1,1.4,0.3,0.2,1.3,0
82.0,29.1,11.9,43.6,40.7,71.1,4.0,1.7,0.6,0.2,1.2,1
59.0,8.7,2.5,47.0,0.0,73.5,0.7,1.7,0.6,0.0,0.9,0
38.0,8.7,2.9,38.1,37.8,100.0,0.9,0.9,0.3,0.1,0.6,1
60.0,14.5,4.3,43.3,0.0,56.0,3.0,0.3,0.4,1.2,0.6,1
36.0,27.4,7.4,34.7,25.0,69.9,4.1,1.9,0.4,0.4,1.3,0
77.0,30.0,13.6,43.9,24.6,73.4,4.6,1.8,0.9,0.3,1.5,1
64.0,24.0,7.9,49.3,37.6,77.3,5.1,1.1,1.3,0.4,0.7,1
65.0,24.6,7.7,57.6,0.0,55.5,7.1,0.6,0.6,1.0,0.7,1
73.0,16.1,5.5,48.7,0.0,66.2,4.8,0.5,0.3,0.3,0.7,1
56.0,16.7,6.4,51.3,33.3,72.0,4.0,0.6,0.8,0.3,1.2,0
75.0,16.6,6.4,42.2,22.2,78.4,3.4,0.7,0.6,0.2,0.9,0
60.0,8.6,1.8,34.4,0.0,73.3,2.0,0.4,0.3,0.6,0.6,1
46.0,15.3,4.6,41.2,0.0,64.0,3.8,0.9,0.5,0.4,1.4,0
82.0,16.1,7.9,41.7,26.7,79.1,2.0,3.5,1.6,0.2,2.4,1
81.0,25.9,7.1,51.2,0.0,72.2,7.9,0.3,0.6,1.5,0.9,1
70.0,36.2,23.7,52.3,0.0,70.9,10.6,2.5,1.8,0.9,2.9,1
62.0,13.2,4.2,52.7,0.0,63.9,3.5,0.4,0.3,0.1,0.9,1
82.0,21.8,9.3,46.7,22.2,65.7,6.4,0.4,0.4,0.6,1.3,1
82.0,39.6,13.6,43.2,25.4,77.4,4.8,10.6,2.5,0.1,3.1,1
64.0,23.0,10.7,44.1,30.0,67.1,3.4,1.1,0.9,0.2,1.4,1
71.0,11.2,2.9,39.6,0.0,62.3,2.1,0.5,0.4,0.1,0.3,1
81.0,29.1,13.0,46.3,32.7,70.6,6.4,1.1,0.7,0.8,1.2,1
22.0,7.2,2.3,35.6,10.0,53.3,1.0,1.1,0.2,0.1,0.8,0
55.0,18.0,6.1,47.9,0.0,66.7,3.4,1.0,0.4,0.2,1.1,0
67.0,9.5,4.9,42.6,28.3,78.9,1.2,0.9,0.4,0.1,0.7,1
79.0,17.9,6.4,44.2,0.0,59.5,4.5,0.6,0.6,0.5,1.1,1
50.0,25.3,10.1,37.1,22.5,77.8,2.8,4.2,1.6,0.3,2.2,1
78.0,36.6,15.4,41.6,31.8,82.4,5.1,2.7,1.8,0.4,2.5,1
64.0,12.7,4.1,52.8,0.0,43.5,3.8,0.3,0.2,0.3,0.9,0
63.0,15.0,6.0,51.5,16.7,83.3,2.2,1.0,0.5,0.3,0.7,1
58.0,20.6,7.4,46.6,22.2,78.1,6.1,1.2,0.5,0.6,1.3,0
50.0,35.2,18.3,45.0,28.8,76.1,5.7,3.0,1.1,1.5,2.2,1
61.0,8.1,2.9,55.6,0.0,66.7,1.3,0.2,0.3,0.1,0.4,0
75.0,33.5,11.5,45.9,35.7,70.1,7.4,1.0,0.8,1.4,1.4,1
29.0,16.4,3.7,31.7,31.1,50.0,1.4,1.4,0.6,0.2,1.0,0
82.0,20.0,4.4,59.5,0.0,61.4,5.9,0.8,0.8,0.1,0.6,1
42.0,8.1,3.0,37.2,24.0,65.3,0.8,0.4,0.3,0.1,0.4,0
66.0,16.7,6.2,40.2,32.2,83.1,1.8,2.5,0.7,0.2,2.0,1
64.0,10.6,3.2,39.1,0.0,69.6,1.2,1.0,0.3,0.1,0.8,0
20.0,10.0,3.4,39.3,29.2,85.7,2.0,0.7,0.3,0.3,0.7,0
33.0,22.8,5.2,40.5,32.3,76.0,2.8,1.0,0.6,0.3,0.7,0
65.0,23.2,8.4,44.6,21.4,70.2,5.4,0.9,0.8,1.1,1.5,1
79.0,36.7,19.2,40.6,28.4,69.9,4.5,3.4,1.1,0.2,3.1,1
53.0,10.1,2.1,45.5,0.0,60.8,2.2,0.3,0.1,0.6,0.6,0
79.0,25.9,11.4,46.5,0.0,64.5,6.0,0.6,0.5,1.3,1.9,0
73.0,24.2,8.0,44.2,39.0,75.6,2.6,3.8,1.1,0.3,2.1,1
76.0,15.4,6.7,42.1,29.8,63.0,2.9,0.8,0.6,0.3,0.9,0
82.0,15.9,5.7,40.3,34.7,78.0,2.6,1.3,0.7,0.2,1.1,1
75.0,18.8,6.3,53.3,0.0,74.1,5.4,1.4,0.6,0.9,1.1,0
79.0,26.4,11.1,49.0,33.3,74.6,7.6,1.0,0.8,2.6,1.8,1
70.0,38.3,19.9,47.7,14.8,73.2,6.4,5.0,1.8,0.9,2.9,1
75.0,24.0,8.1,42.3,37.3,69.7,3.1,0.9,0.5,0.5,1.0,1
68.0,25.3,10.4,49.1,0.0,75.7,5.0,1.1,0.7,0.7,1.1,1
74.0,11.6,3.1,41.6,25.0,65.2,1.9,0.7,0.5,0.2,0.3,1
81.0,30.4,9.8,50.3,0.0,76.5,8.6,2.7,0.7,1.0,1.6,1
54.0,8.7,3.4,45.3,37.0,88.5,1.0,0.4,0.3,0.1,0.1,0
53.0,7.2,3.0,40.4,27.9,75.9,1.7,0.5,0.3,0.1,0.6,0
62.0,20.4,5.1,49.3,0.0,60.6,5.2,0.5,0.3,1.5,0.8,1
64.0,16.1,4.7,46.5,0.0,49.2,3.4,0.5,0.6,0.6,0.8,0
77.0,16.5,5.7,40.3,32.9,78.1,2.1,1.8,0.6,0.3,1.0,1
39.0,9.5,1.8,35.8,6.7,50.0,0.8,0.3,0.1,0.1,0.5,1
78.0,20.3,9.3,55.7,0.0,71.5,5.1,1.0,0.2,0.4,1.5,1
77.0,15.0,6.5,54.5,0.0,58.7,4.3,0.7,0.5,0.6,1.2,1
81.0,22.0,11.5,49.4,5.9,70.5,3.9,1.5,0.8,0.4,1.7,1
45.0,13.3,3.1,36.3,35.8,67.5,1.2,2.5,0.3,0.0,0.9,0
49.0,9.2,1.9,32.7,21.4,64.9,0.8,1.7,0.5,0.1,0.6,1
27.0,7.5,2.8,29.5,22.6,89.5,0.3,1.0,0.2,0.0,0.6,0
39.0,8.5,3.5,52.4,0.0,60.4,1.7,0.3,0.3,0.1,0.7,0
79.0,20.9,7.9,46.3,17.4,57.6,3.8,2.1,1.1,0.7,1.7,1
66.0,17.0,6.7,41.8,29.5,84.1,2.0,2.9,0.9,0.1,1.4,1
45.0,15.3,5.6,32.3,30.1,86.1,2.0,0.5,0.5,0.3,0.5,0
80.0,15.4,3.2,39.5,22.5,66.2,1.8,1.6,1.0,0.1,1.4,0
82.0,26.5,10.3,37.5,33.3,73.2,2.3,4.8,1.5,0.1,2.2,1
47.0,17.0,5.2,44.7,27.1,72.1,3.6,0.7,0.5,0.5,0.8,0
82.0,23.0,8.9,50.7,30.0,71.9,3.1,1.8,0.9,0.4,1.9,1
74.0,21.0,8.2,53.9,31.6,73.8,4.2,0.8,1.0,0.1,0.9,1
49.0,7.6,1.8,35.6,22.2,75.0,1.6,0.3,0.2,0.2,0.3,0
18.0,13.3,4.7,33.7,26.9,73.9,1.7,1.8,0.4,0.3,0.8,0
57.0,7.6,3.2,36.4,25.0,92.9,0.8,1.2,0.3,0.1,0.9,1
18.0,7.9,1.0,53.3,0.0,50.0,1.9,0.2,0.3,0.4,0.4,1
47.0,8.9,4.2,38.3,0.0,68.8,0.6,0.4,0.5,0.1,0.7,0
74.0,20.7,6.6,48.2,0.0,69.1,5.6,1.1,0.9,0.9,1.2,1
61.0,20.7,7.8,45.3,29.7,76.2,3.7,1.1,1.0,0.4,1.1,1
36.0,20.3,5.7,41.7,14.3,69.5,2.5,4.3,1.2,0.1,2.3,0
76.0,22.3,12.1,48.2,23.1,77.8,4.1,1.9,0.8,0.5,2.4,1
82.0,38.0,18.5,43.8,38.4,87.9,3.8,3.2,1.1,0.2,2.8,1
64.0,16.1,7.0,46.5,30.5,65.7,1.4,2.3,0.8,0.1,1.4,0
80.0,36.2,17.5,46.2,43.7,88.5,4.5,5.9,1.9,0.2,3.0,1
34.0,10.8,2.9,36.7,0.0,44.4,1.9,0.5,0.1,0.1,0.7,0
46.0,15.0,3.2,33.8,28.6,78.7,1.5,2.0,0.6,0.1,0.6,1
79.0,33.8,11.7,38.5,27.2,69.8,5.4,7.7,1.9,0.3,3.2,1
55.0,32.9,14.8,47.5,0.0,67.9,7.9,1.3,1.1,0.5,2.2,1
59.0,28.4,17.0,43.5,31.9,74.2,4.5,3.0,1.1,0.5,3.0,1
70.0,18.2,7.4,65.9,0.0,62.6,4.4,0.9,0.7,0.8,1.1,0
59.0,28.9,9.5,40.1,30.6,79.8,3.2,2.8,1.7,0.1,1.9,1
74.0,26.4,7.8,41.6,21.2,65.9,1.9,4.5,0.7,0.1,2.2,1
82.0,16.5,4.9,41.2,17.6,74.7,1.9,2.8,0.8,0.1,1.2,1
62.0,13.6,4.9,38.7,34.4,83.3,1.2,1.1,0.5,0.1,0.7,0
63.0,11.6,8.2,48.7,16.7,66.3,2.4,0.6,0.3,0.1,1.1,1
75.0,29.6,16.9,41.4,31.4,79.5,2.5,2.3,0.9,0.3,1.5,1
56.0,11.3,3.1,54.4,0.0,59.7,2.7,0.2,0.2,0.5,0.6,1
70.0,9.9,1.3,37.9,16.7,43.8,2.0,0.6,0.3,0.4,0.6,1
68.0,12.7,5.2,40.9,17.6,58.3,1.7,0.9,0.4,0.1,0.9,0
72.0,15.1,4.4,42.2,32.8,71.1,1.7,1.9,0.6,0.1,1.0,1
71.0,21.3,11.5,47.6,0.0,70.9,4.2,0.7,0.5,0.6,1.5,1
81.0,34.1,20.1,47.9,22.2,74.1,10.6,2.8,1.7,0.5,2.7,1
78.0,16.1,6.2,42.5,0.0,67.2,4.3,0.4,0.2,0.3,1.4,0
58.0,13.1,2.7,37.4,24.0,71.9,1.0,3.1,0.3,0.1,1.0,0
79.0,16.1,5.3,44.6,28.6,66.5,4.0,0.9,0.6,0.5,1.1,0
64.0,12.2,3.6,40.0,28.6,71.2,1.4,2.0,0.4,0.0,0.8,1
36.0,15.6,5.3,36.7,25.9,78.3,1.4,3.0,0.9,0.0,1.5,0
42.0,11.2,3.9,48.5,0.0,74.4,2.2,0.6,0.2,0.1,0.6,1
42.0,9.5,3.8,43.9,0.0,55.0,2.9,0.4,0.1,0.7,0.8,1
80.0,27.7,11.2,37.4,32.9,85.0,2.4,3.9,1.3,0.1,2.2,1
72.0,16.9,5.4,48.5,47.3,71.1,1.9,1.1,0.4,0.3,1.0,1
81.0,30.5,14.3,49.4,16.1,68.7,2.5,7.6,1.8,0.1,3.0,1
65.0,27.5,10.1,48.7,32.9,65.0,4.7,1.3,0.7,0.8,1.6,1
25.0,14.2,3.7,36.2,30.4,77.8,1.4,0.7,0.6,0.0,0.4,0
80.0,31.0,10.8,41.2,36.8,78.2,2.5,6.1,1.1,0.0,2.4,0
51.0,8.4,1.9,43.0,0.0,68.6,1.7,0.2,0.2,0.1,0.3,0
77.0,15.1,5.4,42.1,21.2,73.1,2.0,1.4,0.6,0.1,1.0,1
81.0,24.4,11.2,46.8,24.0,73.3,2.9,3.7,1.7,0.4,2.2,1
47.0,16.6,4.6,36.2,26.6,82.5,2.3,0.8,0.7,0.3,0.6,0
81.0,18.9,4.3,41.4,0.0,65.6,5.7,1.4,0.3,3.4,1.7,1
78.0,29.7,10.0,53.4,0.0,63.5,7.3,0.5,0.4,0.8,1.4,1
49.0,9.3,2.9,44.5,18.2,61.5,0.7,3.0,0.2,0.0,0.7,1
71.0,24.8,9.6,50.8,0.0,59.6,5.8,1.4,1.4,0.4,1.2,1
51.0,9.0,4.5,48.2,0.0,64.2,1.4,0.3,0.2,0.3,0.7,0
67.0,27.0,7.8,36.7,33.5,64.6,3.3,3.1,1.5,0.3,1.3,0
60.0,9.3,2.8,40.6,39.4,64.0,0.7,2.0,0.5,0.0,1.1,1
63.0,17.2,5.3,46.1,0.0,58.3,4.7,1.0,0.3,1.3,0.9,1
36.0,8.8,2.3,53.2,0.0,48.6,1.6,0.4,0.3,0.2,0.6,1
82.0,18.9,7.2,53.3,42.4,78.9,3.5,0.6,0.5,0.2,0.5,1
57.0,14.3,4.5,38.7,0.0,70.7,3.5,0.8,0.3,0.5,0.8,1
19.0,5.8,1.6,29.7,35.7,75.0,0.4,0.6,0.1,0.1,0.1,0
55.0,14.8,6.0,50.4,38.3,75.0,1.7,1.1,0.4,0.1,1.0,0
49.0,11.9,5.3,44.6,0.0,72.2,0.6,1.2,0.4,0.0,1.0,0
66.0,22.6,6.8,48.5,28.6,44.7,7.4,0.7,0.5,0.6,1.4,0
23.0,16.0,4.2,47.6,0.0,60.0,3.5,0.7,0.6,0.1,0.8,0
42.0,8.2,2.8,43.9,0.0,52.5,1.9,0.3,0.1,0.1,0.8,0
38.0,12.7,3.1,36.3,26.9,73.7,1.1,1.8,0.5,0.0,0.7,0
58.0,10.6,4.6,38.4,30.1,64.9,1.1,1.0,0.2,0.1,0.9,0
82.0,23.7,8.7,46.4,20.6,87.3,2.2,4.2,1.0,0.2,1.7,1
49.0,6.5,4.8,42.6,38.4,71.1,0.5,1.0,0.3,0.0,1.0,0
58.0,22.6,7.2,43.7,29.0,65.6,2.6,3.2,0.6,0.3,1.0,0
51.0,13.1,3.9,38.7,33.3,67.4,1.2,0.4,0.4,0.3,0.9,0
35.0,12.3,3.5,37.8,0.0,70.0,1.1,1.9,0.4,0.0,1.3,1
12.0,15.5,4.7,35.8,32.3,66.7,2.6,1.3,0.9,0.2,0.6,0
73.0,18.9,10.3,47.5,33.3,76.2,2.0,1.0,0.5,0.1,1.3,0
54.0,17.0,5.5,49.8,0.0,54.1,4.9,0.3,0.4,0.3,1.2,1
64.0,13.1,5.5,45.0,23.5,70.1,1.7,1.3,0.4,0.1,0.9,0
66.0,19.9,7.4,39.3,36.5,84.5,4.7,0.8,0.7,0.3,0.9,1
48.0,19.2,5.7,47.6,38.5,68.3,3.6,1.1,0.8,0.4,0.8,1
78.0,27.0,10.8,42.2,36.4,72.7,4.5,1.3,0.9,0.9,1.8,1
74.0,15.1,5.1,47.8,0.0,73.3,3.6,0.5,0.2,0.2,1.0,0
78.0,21.3,5.1,43.2,25.0,67.3,2.7,1.4,0.7,0.3,0.7,1
47.0,14.3,5.6,44.6,18.2,58.8,1.5,2.8,0.7,0.2,1.6,0
79.0,21.7,10.2,49.9,0.0,66.3,4.5,1.0,0.6,0.6,1.6,0
81.0,15.9,5.6,48.5,50.0,88.5,1.3,2.5,0.6,0.1,1.0,1
35.0,5.1,3.2,55.1,0.0,56.5,1.2,0.3,0.0,0.3,1.1,0
58.0,17.8,4.1,43.7,0.0,65.6,3.1,0.7,0.4,1.5,0.8,1
49.0,13.0,3.9,43.5,0.0,59.4,1.6,0.8,0.4,0.0,0.5,0
82.0,24.7,9.4,48.3,38.2,82.9,2.3,1.5,0.8,0.2,1.1,1
57.0,10.0,3.3,36.9,30.8,63.8,2.2,0.8,0.7,0.4,1.2,1
39.0,6.8,2.2,37.5,14.3,56.3,0.9,0.4,0.2,0.1,0.5,1
80.0,28.2,13.2,41.0,35.1,73.7,3.4,3.3,1.2,0.2,2.5,0
79.0,32.6,15.1,45.5,42.8,83.1,2.8,3.0,1.5,0.5,2.0,1
49.0,18.8,8.7,54.5,0.0,71.1,3.1,0.6,1.5,0.0,0.9,0
79.0,20.2,6.7,44.2,26.3,80.0,2.0,2.8,0.5,0.0,1.3,1
39.0,5.8,1.5,51.3,0.0,90.5,1.2,0.2,0.1,0.1,0.1,1
82.0,30.8,10.1,48.0,0.0,71.6,4.0,2.0,1.2,0.6,2.0,0
76.0,30.3,10.6,37.5,13.3,73.0,2.9,2.2,2.0,0.2,2.0,1
57.0,8.5,4.5,44.2,20.0,92.6,1.0,0.9,0.4,0.1,0.6,1
60.0,8.9,2.8,33.0,0.0,73.9,1.2,1.3,0.4,0.0,0.6,0
56.0,29.4,12.6,42.8,31.3,76.4,3.6,2.3,0.9,0.3,2.1,0
70.0,16.9,7.2,41.9,25.0,79.6,1.7,1.3,0.3,0.1,1.0,0
11.0,13.7,4.8,41.5,20.0,88.9,0.9,0.8,0.5,0.1,0.2,0
80.0,15.8,4.3,43.3,14.3,79.2,1.2,2.5,0.6,0.2,0.8,0
75.0,7.0,2.9,52.0,0.0,68.0,1.7,0.4,0.1,0.4,0.6,0
71.0,18.6,4.7,45.6,0.0,53.1,4.1,0.6,0.4,0.1,1.2,1
70.0,32.3,12.8,38.0,33.0,90.3,3.0,5.7,0.6,0.1,1.9,0
82.0,26.7,8.8,37.6,32.0,80.4,2.9,1.0,0.6,0.2,1.2,0
79.0,15.6,7.8,48.3,18.2,78.5,1.6,4.3,1.0,0.1,2.0,1
20.0,21.1,9.4,44.8,0.0,75.9,4.1,1.2,0.8,0.3,1.3,0
44.0,5.3,2.6,34.8,50.0,45.9,1.3,0.3,0.2,0.0,0.6,0
71.0,10.1,3.2,39.6,21.9,83.7,0.9,1.7,0.5,0.1,0.7,1
61.0,34.9,16.2,46.5,30.2,74.7,4.0,4.5,1.4,0.6,3.2,1
43.0,9.2,2.7,35.5,30.1,77.8,1.3,0.3,0.2,0.0,0.3,0
75.0,17.6,6.9,49.5,0.0,57.8,3.0,1.0,0.7,0.3,1.2,1
55.0,14.7,3.5,38.1,31.4,70.0,1.1,3.2,0.7,0.0,1.8,0
74.0,15.3,5.2,42.2,24.4,67.0,2.2,1.0,0.5,0.3,1.0,0
40.0,6.7,3.6,39.8,13.6,77.6,1.2,0.4,0.3,0.1,0.6,1
70.0,12.7,4.8,40.0,8.0,83.6,1.2,0.9,0.9,0.1,0.9,1
82.0,24.4,5.1,36.2,25.0,65.2,3.0,3.4,1.0,0.2,1.9,0
51.0,10.5,3.8,44.0,0.0,75.0,1.6,0.7,0.2,0.2,0.6,0
61.0,20.3,9.7,41.5,38.0,90.0,1.9,1.2,0.4,0.1,1.3,0
26.0,12.2,2.8,38.9,37.5,50.0,1.0,1.0,0.4,0.3,0.6,0
82.0,28.3,11.0,47.1,25.0,82.0,7.4,1.6,0.8,0.8,1.2,1
71.0,16.3,4.8,50.9,0.0,62.0,4.5,0.5,0.4,0.8,0.7,1
24.0,8.5,2.1,29.4,26.1,75.0,0.9,0.8,0.2,0.0,0.5,0
82.0,31.5,11.4,46.1,27.7,58.9,2.6,6.8,1.6,0.3,1.7,1
32.0,15.2,6.3,53.3,0.0,62.5,5.2,0.4,0.5,0.5,1.0,0
78.0,29.8,11.8,37.6,33.7,71.0,2.9,2.1,0.4,0.1,1.7,0
62.0,8.5,2.6,51.3,0.0,65.0,2.4,0.1,0.3,0.8,0.5,1
71.0,15.5,7.6,41.7,37.5,81.9,1.9,1.3,0.7,0.3,1.6,1
82.0,38.3,28.2,51.5,17.3,84.5,6.5,5.9,2.4,0.8,3.5,1
65.0,16.4,5.3,54.9,0.0,67.3,3.9,0.5,0.5,0.7,0.6,1
54.0,8.0,3.2,42.9,0.0,50.0,1.6,0.5,0.3,0.1,0.4,1
75.0,18.6,5.9,38.6,37.1,82.1,1.6,2.8,0.8,0.1,1.7,1
78.0,13.7,4.5,50.3,40.0,60.9,0.9,0.9,0.2,0.0,0.4,1
54.0,12.4,5.6,46.2,30.0,73.7,1.2,1.0,0.4,0.0,0.9,1
38.0,13.9,6.4,40.7,37.7,62.1,2.4,0.9,0.5,0.2,1.3,0
38.0,12.5,5.3,41.6,37.5,67.6,1.3,0.7,0.4,0.1,0.9,0
72.0,13.4,5.2,47.5,0.0,60.6,3.7,0.6,0.6,1.1,1.3,1
45.0,8.3,4.5,49.4,0.0,60.9,2.4,0.4,0.2,0.1,0.9,0
29.0,21.2,5.8,45.7,28.6,71.2,5.3,1.5,1.3,0.6,0.9,0
43.0,12.1,5.4,55.0,0.0,64.3,3.8,0.3,0.3,0.4,0.9,0
82.0,19.2,7.4,47.9,5.3,61.0,2.4,4.5,1.5,0.3,1.9,1
44.0,9.4,2.7,31.3,32.5,78.9,1.0,1.0,0.4,0.1,0.8,1
42.0,9.8,1.9,43.0,0.0,50.0,2.9,0.5,0.2,0.3,0.4,0
61.0,35.6,13.8,47.7,30.8,81.9,2.3,7.1,1.5,0.1,3.0,1
67.0,16.7,5.0,48.4,9.1,61.4,2.7,0.8,1.0,0.3,0.8,1
58.0,18.4,5.8,36.7,25.0,61.7,1.2,1.9,1.1,0.2,1.7,0
68.0,30.0,11.6,39.2,25.9,81.4,4.4,4.7,1.5,0.2,2.7,1
82.0,30.4,8.9,42.5,26.2,55.1,4.3,6.5,1.7,0.2,2.5,0
80.0,21.9,8.5,45.5,20.0,72.8,4.7,1.3,0.6,0.8,1.1,1
40.0,11.1,3.9,38.9,39.5,80.0,2.0,0.5,0.3,0.5,0.4,0
59.0,10.1,3.2,45.4,0.0,56.4,1.0,1.2,0.6,0.1,1.3,0
43.0,10.3,2.3,37.4,30.0,57.1,1.1,1.8,0.4,0.1,0.8,1
35.0,7.3,4.0,39.2,20.0,53.6,1.2,0.6,0.4,0.2,0.8,0
46.0,9.2,3.3,56.2,33.3,41.0,1.2,0.7,0.4,0.1,0.7,0
82.0,27.8,11.5,47.7,28.6,67.0,7.4,1.7,0.7,2.2,1.7,1
38.0,7.1,3.2,37.3,13.3,69.2,0.5,1.2,0.2,0.0,0.7,1
82.0,39.2,15.0,47.6,32.8,74.9,4.6,3.5,1.0,0.4,1.6,1
79.0,24.7,8.5,44.3,24.5,74.7,4.8,0.8,0.6,0.3,1.1,1
77.0,16.4,6.4,47.5,38.7,73.7,2.9,0.8,1.0,0.3,1.0,1
60.0,15.8,8.7,52.9,0.0,67.0,4.4,0.7,0.6,1.4,1.7,1
41.0,5.8,2.8,44.9,0.0,66.7,1.7,0.3,0.2,0.1,0.4,1
35.0,12.6,4.4,47.5,0.0,75.0,2.9,0.6,0.5,0.5,0.5,1
77.0,14.0,4.9,54.6,0.0,60.1,2.6,0.7,0.4,0.3,0.9,1
66.0,27.9,11.7,40.8,20.2,87.3,2.8,3.4,1.3,0.2,1.9,1
49.0,29.7,9.9,42.5,35.8,81.8,2.3,2.5,0.9,0.5,1.6,1
80.0,31.1,14.1,47.0,0.0,76.7,4.0,3.1,1.2,0.1,2.5,1
82.0,18.2,5.6,47.1,18.2,73.6,1.3,5.1,1.3,0.1,1.8,1
57.0,15.1,4.8,54.9,0.0,60.5,3.5,0.3,0.2,0.4,1.0,1
47.0,9.4,2.9,40.2,16.7,83.3,0.9,2.3,0.5,0.2,1.3,0
69.0,17.5,5.5,54.5,42.9,80.9,3.7,0.5,0.2,0.6,0.7,1
41.0,9.9,2.9,37.5,28.0,72.4,0.9,0.6,0.4,0.1,0.5,0
45.0,22.0,8.1,47.1,23.1,72.8,2.4,3.5,0.7,0.1,1.6,1
67.0,13.0,4.1,40.4,33.3,43.6,2.9,0.6,0.4,0.3,0.8,1
67.0,21.8,9.2,44.3,39.2,71.4,2.8,4.3,1.1,0.1,2.0,1
38.0,19.1,4.5,45.7,15.4,70.5,4.0,1.3,0.7,0.1,1.2,1
41.0,8.8,2.6,34.3,30.3,72.2,0.6,1.2,0.5,0.1,0.8,0
50.0,35.4,20.0,47.4,0.0,73.9,9.0,2.0,1.1,2.1,3.4,0
33.0,10.8,2.2,34.8,27.3,64.3,2.2,0.8,0.5,0.2,0.3,0
69.0,11.8,3.6,45.2,100.0,82.1,2.7,0.6,0.5,0.3,0.6,1
49.0,16.0,5.3,53.7,0.0,53.8,3.7,0.8,0.9,0.9,0.9,1
41.0,9.6,4.1,38.8,36.0,68.2,1.4,0.4,0.3,0.4,0.7,0
60.0,9.8,4.0,41.5,26.2,81.7,1.7,0.7,0.2,0.1,0.7,1
39.0,8.5,3.1,54.4,0.0,53.8,2.9,0.5,0.5,0.3,0.5,0
80.0,30.5,9.4,38.0,24.0,70.4,3.7,8.1,1.7,0.5,3.4,1
82.0,33.0,17.1,49.0,20.0,68.7,8.0,2.4,1.2,0.5,3.0,1
19.0,12.8,3.3,39.0,20.0,82.4,1.4,1.6,0.4,0.2,0.9,0
55.0,9.7,1.7,47.9,0.0,68.3,1.9,0.2,0.2,1.1,0.3,1
77.0,16.0,4.5,38.4,32.0,75.6,1.6,0.9,0.4,0.2,0.6,0
68.0,16.3,3.8,38.4,19.2,64.3,3.1,0.9,0.3,0.4,0.7,0
31.0,12.6,3.1,45.8,0.0,65.6,4.1,0.2,0.2,0.7,0.6,0
50.0,9.3,4.5,45.8,15.8,84.8,1.3,0.7,0.2,0.0,1.0,1
36.0,5.1,2.2,45.3,0.0,44.4,2.1,0.2,0.1,0.1,1.0,1
36.0,8.8,4.1,40.8,38.5,65.4,1.1,0.8,0.6,0.1,1.1,1
76.0,16.3,5.9,40.9,35.0,69.8,1.2,2.3,0.5,0.1,1.2,1
72.0,12.4,4.6,42.3,0.0,80.3,1.3,1.9,0.6,0.1,1.3,1
70.0,14.3,3.1,30.5,29.3,80.0,1.3,0.6,0.4,0.2,0.4,0
80.0,28.7,10.4,49.1,28.6,70.5,6.3,1.8,1.1,1.6,1.4,1
24.0,6.0,2.7,41.2,16.7,71.0,1.3,0.1,0.2,0.1,0.5,1
40.0,7.3,2.2,34.1,8.3,68.4,0.7,0.5,0.3,0.1,0.7,1
81.0,25.3,10.0,53.6,0.0,77.1,7.5,1.3,0.7,0.6,1.3,1
78.0,27.8,8.5,48.5,32.8,74.1,6.2,1.2,1.0,1.4,0.7,1
38.0,8.5,3.2,40.8,0.0,64.3,1.6,0.3,0.2,0.4,0.5,0
45.0,7.9,3.7,57.1,0.0,41.8,1.8,0.5,0.3,0.2,0.4,0
76.0,30.0,13.4,48.5,0.0,68.3,7.5,1.0,0.7,1.5,2.0,1
45.0,6.2,2.6,41.5,0.0,63.0,2.6,0.2,0.2,0.5,0.5,1
79.0,39.5,20.9,41.7,29.0,75.4,5.5,5.9,1.6,0.7,3.5,1
38.0,16.4,4.3,34.8,36.1,67.7,1.5,2.6,0.7,0.1,1.4,1
43.0,9.0,2.7,42.0,20.0,59.2,1.0,1.7,0.7,0.0,0.9,1
56.0,14.3,5.0,48.6,0.0,58.0,3.2,0.6,0.4,0.1,0.7,1
70.0,34.5,16.7,40.5,26.4,70.3,6.2,6.3,1.9,0.6,3.5,0
48.0,11.5,4.5,52.4,0.0,67.4,2.5,0.3,0.3,0.4,0.8,1
65.0,21.2,6.3,35.2,31.4,59.1,3.0,1.2,0.6,1.1,1.3,0
52.0,15.4,4.5,49.5,0.0,70.3,3.3,0.3,0.2,0.6,1.0,1
66.0,21.5,8.8,41.2,26.8,69.7,4.7,0.6,0.5,0.5,1.2,1
41.0,16.6,4.6,37.9,38.2,61.5,1.7,1.6,0.7,0.2,0.8,0
81.0,25.1,10.0,48.1,11.1,86.6,3.7,1.9,0.6,0.2,1.4,1
82.0,27.0,14.4,56.1,33.3,75.2,9.3,1.6,0.5,0.7,2.9,1
62.0,9.8,4.0,47.7,14.3,76.0,1.2,1.1,0.4,0.1,0.9,1
47.0,4.7,1.9,48.6,0.0,54.1,1.3,0.2,0.1,0.2,0.3,1
53.0,14.5,6.9,40.1,31.1,72.8,1.2,1.0,0.5,0.1,1.1,1
78.0,34.3,16.1,45.6,38.9,85.4,2.6,2.8,1.0,0.5,2.1,1
64.0,13.6,3.9,40.9,26.9,66.1,3.4,0.5,0.4,0.5,0.5,1
35.0,24.5,10.4,35.6,22.4,72.7,3.4,1.7,0.8,0.6,1.8,1
42.0,8.5,2.8,38.1,24.0,73.3,0.9,0.4,0.4,0.1,0.4,0
77.0,21.6,8.2,42.5,33.5,71.9,2.7,1.8,1.1,0.2,1.7,1
66.0,11.3,5.9,45.9,0.0,77.7,2.1,0.7,0.5,0.1,1.2,1
44.0,13.3,4.9,46.0,25.0,82.3,1.1,1.2,0.3,0.2,0.7,1
79.0,15.4,7.1,47.4,31.0,80.6,1.5,2.5,1.0,0.0,1.3,1
66.0,23.3,7.7,40.4,32.1,78.3,1.9,1.2,0.8,0.4,1.1,0
36.0,7.6,2.6,37.9,28.0,70.0,0.9,0.4,0.4,0.1,0.6,0
80.0,11.5,3.9,39.7,30.1,65.8,1.2,1.5,0.5,0.1,0.9,1
82.0,36.8,16.0,46.6,26.7,74.2,5.4,6.6,2.3,0.6,3.6,1
81.0,33.8,18.6,49.8,19.0,77.5,5.1,4.6,1.9,0.8,3.2,1
15.0,10.9,3.6,40.4,0.0,66.7,3.0,0.2,0.3,0.3,0.7,0
75.0,12.7,4.1,42.9,0.0,69.1,3.3,0.3,0.1,0.3,0.7,1
64.0,17.0,7.0,39.0,23.1,74.5,2.0,3.2,1.1,0.1,1.5,1
77.0,25.2,8.4,45.0,40.4,83.0,2.3,1.2,1.0,0.2,0.9,1
43.0,13.0,4.6,40.6,14.3,68.0,1.2,1.9,0.3,0.1,0.8,0
81.0,24.8,13.9,47.2,40.7,77.2,5.4,1.0,0.5,0.5,1.5,1
70.0,10.3,4.2,49.6,23.1,80.6,2.0,0.7,0.3,0.6,0.8,1
80.0,18.2,11.5,43.4,22.5,78.6,2.3,1.5,0.5,0.1,1.6,1
37.0,11.6,3.0,45.7,0.0,80.0,2.2,0.2,0.2,0.1,0.6,1
72.0,26.5,11.8,43.0,43.9,89.3,1.8,3.5,0.6,0.0,1.6,1
56.0,9.6,3.4,45.6,0.0,65.5,1.2,1.1,0.6,0.2,0.8,1
34.0,8.6,3.5,39.2,31.9,54.5,0.8,0.6,0.3,0.2,0.8,1
64.0,33.5,14.3,40.6,36.5,77.0,2.8,4.0,1.3,0.2,2.5,0
79.0,34.4,22.0,46.8,36.7,81.0,5.9,4.2,1.0,0.2,3.4,1
81.0,16.8,8.9,46.7,32.2,74.5,2.0,3.9,1.2,0.0,1.8,1
28.0,8.1,1.7,42.5,30.4,85.7,1.5,0.4,0.2,0.1,0.5,0
82.0,32.4,15.6,46.9,25.0,71.3,7.2,1.8,1.0,0.8,2.1,1
45.0,19.9,6.2,37.7,37.3,74.4,1.8,2.7,0.5,0.2,0.9,0
79.0,26.3,10.8,49.9,25.0,73.1,5.7,2.2,0.7,0.7,1.5,1
53.0,13.2,4.9,53.4,0.0,77.4,3.4,0.9,0.4,0.2,0.8,0
65.0,16.4,5.9,46.2,51.1,68.7,2.8,0.8,0.4,0.1,1.1,1
64.0,23.5,8.3,36.9,35.3,76.6,2.3,2.6,0.6,0.1,0.9,0
79.0,30.6,16.6,46.8,36.0,81.1,4.0,2.6,0.7,0.3,2.8,1
49.0,8.3,4.5,46.6,0.0,70.2,1.3,0.5,0.3,0.3,0.6,1
82.0,28.1,11.1,49.7,0.0,69.2,7.4,1.1,0.6,0.7,1.8,1
44.0,17.6,3.6,40.0,0.0,65.2,1.8,2.5,0.9,0.3,1.4,0
82.0,18.3,5.2,45.6,39.1,57.4,1.4,3.3,0.7,0.1,1.0,1
82.0,21.2,6.9,54.2,0.0,48.5,5.9,0.8,0.7,0.6,1.3,1
56.0,19.1,5.6,47.5,0.0,71.0,4.9,2.1,0.7,1.8,1.9,1
76.0,18.2,6.6,42.4,39.5,87.1,2.1,1.0,0.3,0.1,1.0,1
46.0,6.7,2.6,43.1,27.0,52.6,0.8,0.5,0.2,0.0,0.3,0
39.0,8.7,1.8,25.0,18.5,94.1,0.7,1.2,0.7,0.1,0.6,0
52.0,12.0,4.5,43.9,10.0,62.5,0.7,2.2,0.4,0.1,0.8,1
57.0,9.6,3.2,43.8,0.0,58.8,1.9,0.4,0.2,0.1,0.8,1
81.0,23.9,9.3,46.2,16.7,78.5,2.7,3.9,1.6,0.4,2.1,1
39.0,10.1,3.3,41.4,16.7,72.1,1.7,0.9,0.4,0.1,0.8,0
77.0,20.9,8.8,43.0,25.0,74.1,2.0,2.0,1.2,0.3,1.7,1
57.0,10.4,3.1,41.7,20.0,56.5,2.9,0.3,0.3,0.3,0.4,0
60.0,8.1,3.1,49.4,0.0,50.0,2.6,0.4,0.3,0.3,0.5,1
