N1,N2,N3,N4,N5,N6,N7,C1,C2,C3,C4,C5,C6,C7,C8,C9,C10,C11,C12,C13,label
12,1291.0,4,2,35,2,1,3,1,6,2,0,0,2,1,1,1,1,0,1,1
12,1412.0,4,2,29,2,1,3,1,0,2,0,0,1,3,1,1,0,1,1,1
12,1655.0,2,4,63,2,1,3,1,6,2,3,3,2,3,1,1,3,1,1,1
15,1721.0,2,3,36,1,1,1,3,4,2,2,3,2,3,1,1,1,0,1,1
39,11760.0,2,3,32,1,1,0,2,2,0,1,3,2,2,1,2,1,1,1,1
18,1149.0,4,3,46,2,1,3,1,6,3,0,3,2,3,1,1,1,0,1,1
36,12612.0,1,4,47,1,2,0,3,2,0,0,3,2,2,1,0,1,1,1,0
10,1240.0,1,4,48,1,2,2,3,4,0,3,0,2,2,1,0,3,0,1,0
21,2923.0,1,1,28,1,1,2,3,4,0,0,0,2,0,0,1,0,1,1,1
24,1525.0,4,3,34,1,2,3,3,4,3,1,0,2,0,1,1,1,1,1,1
13,1797.0,3,1,28,2,1,1,1,0,2,2,3,2,1,0,1,3,0,1,1
24,3863.0,1,2,32,1,1,3,2,0,2,0,3,2,2,1,0,1,0,1,1
12,976.0,4,4,35,2,1,3,1,6,4,3,3,2,0,1,1,1,0,1,1
18,1950.0,4,1,34,2,1,3,3,0,2,1,3,2,0,2,1,1,1,1,1
24,6615.0,2,4,75,2,1,1,1,9,2,4,3,2,2,1,0,0,1,1,1
36,6887.0,4,3,29,1,1,1,2,2,2,0,3,2,1,2,1,1,1,1,0
18,3872.0,2,4,67,1,1,0,3,7,2,4,0,2,0,1,1,1,1,1,1
12,1007.0,4,1,22,1,1,0,3,4,3,0,2,2,3,1,1,1,0,1,1
24,3021.0,2,2,24,1,1,1,3,3,2,0,1,2,3,1,2,3,0,1,1
48,5951.0,2,2,22,1,1,0,3,6,2,0,0,2,3,1,1,1,0,1,0
12,1858.0,4,1,22,1,1,1,3,3,2,2,0,2,0,1,2,1,0,1,1
12,1413.0,3,2,55,1,1,3,3,9,3,1,3,2,1,1,1,1,0,0,1
42,3394.0,4,4,65,2,1,1,1,7,2,4,3,0,0,1,1,2,0,1,1
12,1881.0,2,2,44,1,1,2,3,6,2,0,0,2,0,1,2,3,1,1,1
10,1309.0,4,4,27,1,1,3,3,4,4,0,3,1,1,1,1,3,0,1,0
12,6199.0,4,2,28,2,1,1,4,6,2,0,3,2,1,1,2,1,1,1,0
18,1820.0,2,2,30,1,1,3,3,4,2,0,2,2,1,1,1,0,1,1,1
36,2712.0,2,2,41,1,2,1,3,3,2,3,3,2,1,0,1,1,0,1,0
42,7166.0,2,4,29,1,1,3,3,6,4,1,2,2,1,1,2,1,1,1,1
10,1521.0,4,2,31,1,1,0,3,3,2,0,1,2,0,1,1,3,0,1,1
24,3758.0,1,4,23,1,1,0,3,6,1,4,0,2,2,1,2,2,0,1,1
24,2424.0,4,4,53,2,1,3,1,6,4,3,3,2,1,1,1,1,0,1,1
12,2969.0,4,3,25,2,1,0,4,3,2,2,0,2,1,1,2,1,0,1,0
12,2577.0,2,1,42,1,1,1,3,3,2,0,1,2,0,1,1,1,0,1,1
12,1410.0,2,2,31,1,1,0,4,8,2,0,3,2,3,1,1,3,1,1,1
12,1503.0,4,4,41,1,1,3,2,9,2,0,2,2,3,1,2,1,0,1,1
24,1987.0,2,4,21,1,2,1,3,6,2,0,3,2,3,1,2,3,0,1,0
36,7409.0,3,2,37,2,1,3,3,0,4,3,3,2,1,1,1,1,0,1,1
60,6288.0,4,4,42,1,1,0,3,2,2,0,3,2,2,1,0,1,0,1,0
42,4042.0,4,4,36,2,1,3,1,3,1,0,3,2,3,1,1,1,1,1,1
40,5998.0,4,3,27,1,1,1,1,2,2,0,3,2,2,0,1,1,1,1,0
6,1750.0,2,4,45,1,2,3,0,6,1,3,3,2,1,0,1,3,0,1,1
15,1512.0,3,3,61,2,1,0,2,7,3,0,2,2,1,2,1,1,0,1,0
36,9271.0,2,1,24,1,1,1,3,4,2,1,3,2,0,1,1,1,1,1,0
24,2223.0,4,4,52,2,1,3,1,6,0,3,3,2,1,0,1,1,0,1,1
18,2600.0,4,4,65,2,1,1,3,6,2,0,3,2,2,1,0,1,0,1,0
12,1123.0,4,4,29,1,1,3,3,3,1,0,0,2,0,1,2,3,0,1,0
12,626.0,4,4,24,1,1,1,0,6,2,0,0,2,3,0,1,3,0,1,0
24,1967.0,4,4,20,1,1,0,3,6,2,3,0,2,0,1,1,1,1,1,1
36,7432.0,2,2,54,1,1,0,2,4,2,0,0,2,1,1,2,1,0,1,1
48,5096.0,2,3,30,1,1,0,1,3,2,0,0,2,0,1,1,0,1,1,0
24,2058.0,4,2,33,2,1,3,1,7,2,0,1,2,3,1,1,1,1,1,1
36,7855.0,4,2,25,2,1,3,1,4,2,0,0,2,3,2,1,1,1,1,0
12,7865.0,4,4,53,1,1,1,3,3,2,3,3,2,2,1,0,0,1,1,0
27,4526.0,4,2,32,2,2,3,1,3,3,2,3,2,3,2,1,3,1,1,1
24,4591.0,2,3,54,3,1,3,3,0,3,0,3,2,1,1,1,0,1,1,0
15,3029.0,2,2,33,1,1,3,3,9,2,1,3,2,0,1,1,1,0,1,1
24,4351.0,1,4,48,1,1,0,3,3,4,0,0,2,1,1,1,3,1,1,1
24,1024.0,4,4,48,1,1,1,2,6,2,2,2,2,3,2,1,1,0,1,0
9,1236.0,1,4,23,1,1,3,3,1,2,2,0,2,3,1,2,1,1,1,1
20,7057.0,3,4,36,2,2,0,2,9,4,1,3,2,1,0,2,0,1,1,1
27,2570.0,3,3,21,1,1,3,3,4,2,0,0,2,3,1,2,1,0,1,0
21,5003.0,1,4,29,2,1,3,4,4,4,0,0,2,1,0,1,1,1,1,0
30,6742.0,2,3,36,2,1,3,1,6,4,1,3,2,1,1,1,1,0,1,1
36,2323.0,4,4,24,1,1,0,3,6,2,1,3,2,0,1,2,1,0,1,1
24,1275.0,2,4,36,2,1,2,1,0,3,0,1,2,3,1,1,1,1,1,1
18,2238.0,2,1,25,2,1,3,1,6,2,0,0,2,0,1,1,1,0,1,1
24,2022.0,4,4,37,1,1,3,1,4,2,0,0,2,0,1,1,1,1,1,1
12,1922.0,4,2,37,1,1,0,3,3,2,0,3,2,1,1,1,3,0,1,0
24,3660.0,2,4,28,1,1,1,3,6,2,0,0,2,0,1,1,1,0,1,1
24,1851.0,4,2,33,2,1,3,1,6,2,1,2,1,0,1,1,1,1,1,1
6,1169.0,4,4,67,2,1,1,1,6,4,3,3,2,3,1,1,1,1,1,1
48,3566.0,4,2,30,1,1,0,0,0,0,1,3,2,0,1,1,1,0,1,1
30,6187.0,1,4,24,2,1,1,1,9,0,1,2,2,0,1,2,1,0,1,1
33,2764.0,2,2,26,2,1,3,2,0,2,0,0,2,0,1,1,1,1,1,1
12,1424.0,4,3,26,1,1,0,1,1,2,1,3,2,1,1,1,1,0,1,1
18,2622.0,4,4,34,1,1,0,3,0,0,0,3,2,0,1,1,1,0,1,1
12,2141.0,3,1,35,1,1,3,3,6,0,1,3,2,2,1,1,1,0,1,1
30,4811.0,2,4,24,1,1,3,3,9,4,1,0,2,1,2,2,3,0,1,1
13,882.0,4,4,23,2,1,0,1,6,2,2,3,1,3,1,1,1,0,1,1
15,1459.0,4,2,43,1,1,3,1,6,2,0,0,2,0,1,1,3,0,1,1
12,1155.0,3,3,40,2,1,0,3,6,2,3,2,1,3,0,1,3,0,1,1
24,1393.0,2,2,31,1,1,3,3,4,2,0,3,1,3,1,1,1,1,1,1
21,3976.0,2,3,35,1,1,0,3,3,4,1,3,2,0,1,1,1,1,1,1
15,2511.0,1,4,23,1,1,1,3,4,2,4,0,2,0,1,2,1,0,1,1
12,763.0,4,1,26,1,1,3,3,3,2,0,0,2,3,1,1,1,1,1,1
24,2333.0,4,2,29,1,1,0,2,3,4,2,3,2,1,0,1,3,0,1,1
24,1755.0,4,4,58,1,1,1,3,5,2,3,0,1,3,1,1,3,1,1,1
48,10961.0,1,2,27,2,1,0,3,6,3,1,3,0,2,0,1,1,1,1,0
12,1295.0,3,1,25,1,1,0,3,4,2,2,0,2,0,1,2,1,0,1,0
30,3077.0,3,2,40,2,2,3,1,6,4,3,3,2,0,1,1,1,1,1,1
18,1533.0,4,1,43,1,2,3,3,3,2,2,2,0,1,1,1,3,0,1,0
12,939.0,4,2,28,3,1,2,1,4,1,1,2,2,3,1,1,1,1,1,0
7,2415.0,3,2,34,1,1,0,3,6,2,0,3,1,3,1,1,1,0,1,1
24,915.0,4,2,29,1,1,1,3,4,4,3,0,2,0,0,1,1,0,1,0
48,12204.0,2,2,48,1,1,0,4,0,4,0,3,2,0,0,1,0,1,1,1
24,2303.0,4,1,45,1,1,1,3,4,2,3,3,0,3,1,1,1,0,1,0
18,1568.0,3,4,24,1,1,3,3,0,0,0,0,2,1,1,2,3,0,1,1
9,1199.0,4,4,67,2,1,0,3,2,2,1,0,2,1,1,1,0,1,1,1
9,1501.0,2,3,34,2,1,0,1,2,2,3,0,2,0,1,1,0,1,1,0
12,1884.0,4,4,39,1,1,3,3,4,2,3,3,2,0,1,1,0,1,1,1
6,4716.0,1,3,44,2,2,1,1,4,4,2,3,2,3,1,1,3,0,1,1
12,2331.0,1,4,49,1,1,3,1,6,4,3,3,0,3,1,1,1,1,1,1
36,3595.0,4,2,28,1,1,3,3,6,2,3,3,2,0,1,1,1,0,1,1
12,691.0,4,3,35,2,1,1,1,4,2,3,3,2,1,1,1,1,0,1,0
36,8086.0,2,4,42,4,1,0,2,4,0,3,3,2,0,1,1,0,1,1,0
30,4280.0,4,4,26,2,1,0,4,0,0,0,0,2,0,1,2,3,0,1,0
30,8386.0,2,2,49,1,1,0,1,3,2,1,3,2,1,1,1,1,0,1,0
9,654.0,4,3,28,1,1,1,3,4,2,0,3,2,0,1,1,3,0,1,0
12,900.0,4,2,23,1,1,1,3,4,4,0,2,2,0,1,1,1,0,1,0
18,3001.0,2,4,40,1,1,0,3,3,2,1,0,2,3,1,2,1,0,1,1
18,1795.0,3,4,48,2,1,0,1,6,2,3,0,1,3,0,2,3,1,1,1
36,2746.0,4,4,31,1,1,1,0,3,2,3,3,2,0,0,1,1,0,1,0
12,1484.0,2,1,25,1,1,0,3,6,4,0,2,2,3,1,1,1,1,1,0
12,3590.0,2,2,29,1,2,1,3,3,2,0,3,0,1,1,1,3,0,1,1
6,4611.0,1,4,32,1,1,3,3,3,2,2,0,2,1,1,1,1,0,1,0
18,1882.0,4,4,25,2,1,1,3,6,2,0,0,2,0,0,2,1,0,1,0
18,2051.0,4,1,33,1,1,3,3,6,2,2,3,2,3,1,1,1,0,1,1
9,959.0,1,2,29,1,1,0,3,3,2,0,0,2,0,1,1,1,0,0,0
9,1224.0,3,1,30,2,1,3,1,4,2,0,3,2,3,1,1,1,0,1,1
48,4308.0,3,4,24,1,1,1,3,0,2,2,0,2,1,1,2,1,0,1,0
14,802.0,4,2,27,2,1,3,2,4,2,0,3,2,0,1,1,3,0,1,1
15,3343.0,4,2,28,1,1,3,1,3,2,0,3,2,2,1,0,1,1,1,1
18,1113.0,4,4,26,1,2,0,3,6,2,0,0,1,3,1,1,3,0,1,1
6,860.0,1,4,39,2,1,1,1,4,2,3,0,2,2,1,1,1,1,1,1
27,2520.0,4,2,23,2,1,0,1,6,1,0,3,2,1,1,1,3,0,1,0
18,6458.0,2,4,39,2,2,3,0,4,2,3,3,2,2,0,1,0,1,1,0
45,1845.0,4,4,23,1,1,1,3,6,2,0,3,2,2,1,0,1,1,1,0
20,3485.0,2,4,44,2,1,3,1,4,4,2,1,2,3,1,1,1,1,1,1
12,1804.0,3,4,44,1,1,0,1,9,0,2,3,2,1,1,1,1,0,1,1
30,11998.0,1,1,34,1,1,1,3,7,2,2,1,2,2,1,1,3,1,1,0
24,7721.0,1,2,30,1,1,1,3,3,4,2,0,2,1,1,1,1,1,0,1
15,1300.0,4,4,45,1,2,3,3,9,4,3,3,2,2,0,0,1,0,1,1
24,1377.0,4,2,47,1,1,2,3,6,0,3,0,2,2,1,0,1,1,1,1
24,1381.0,4,2,35,1,1,1,3,4,4,0,0,2,1,1,1,1,0,1,0
12,1200.0,4,4,23,1,1,1,3,2,4,0,0,2,1,0,2,1,1,1,1
9,3577.0,1,2,26,1,2,3,3,4,0,0,3,1,3,1,2,1,0,0,1
18,3213.0,1,3,25,1,1,0,3,6,1,2,2,2,3,1,2,1,0,1,1
24,937.0,4,3,27,2,1,3,3,8,2,2,2,2,0,1,1,3,0,1,1
24,7814.0,3,3,38,1,1,3,3,9,2,1,3,2,0,1,1,0,1,1,1
9,5129.0,2,4,74,1,2,0,0,9,2,3,0,2,2,0,0,0,1,1,0
11,3905.0,2,2,36,2,2,1,1,4,2,0,3,2,3,1,2,1,0,1,1
18,3509.0,4,1,25,1,1,1,3,6,2,1,0,1,3,1,1,1,0,1,1
21,1188.0,2,4,39,1,2,0,3,0,2,3,0,2,1,1,1,1,0,1,0
30,5234.0,4,2,28,2,1,0,1,4,2,4,2,2,0,1,1,0,0,1,0
18,2775.0,2,2,31,2,1,3,1,4,2,1,3,2,1,0,1,1,0,1,0
18,6361.0,2,1,41,1,1,0,1,3,2,3,3,2,2,1,1,1,1,1,1
48,8858.0,2,1,35,2,1,3,1,9,4,1,3,2,2,1,0,1,1,1,1
24,2384.0,4,4,64,1,1,1,3,6,2,3,3,2,3,0,2,3,0,1,1
12,1037.0,3,4,39,1,1,0,3,0,0,1,3,2,3,1,1,3,0,1,1
30,3622.0,4,4,57,2,1,1,3,3,3,3,0,2,1,1,2,1,1,1,1
12,3331.0,2,4,42,1,1,3,1,3,2,3,3,2,1,2,1,1,0,1,1
10,1287.0,4,2,45,1,1,3,3,4,4,3,3,0,1,1,1,3,0,0,1
12,836.0,4,2,23,1,1,0,3,4,0,2,0,2,1,0,1,3,0,1,0
24,2255.0,4,1,54,1,1,3,3,4,4,2,3,2,1,1,1,1,0,1,1
15,1778.0,2,1,26,2,1,0,4,4,2,2,0,2,3,1,2,2,0,1,0
48,10127.0,2,2,44,1,1,3,1,4,1,0,3,2,2,0,0,1,0,1,0
24,2603.0,2,4,28,1,1,3,3,9,3,0,0,2,0,1,2,1,1,1,1
12,4675.0,1,4,20,1,1,3,3,9,4,2,0,2,0,1,2,1,0,1,1
21,2993.0,3,2,28,2,1,3,2,9,2,0,3,2,3,2,1,3,0,1,1
12,6468.0,2,1,52,1,1,0,3,6,4,4,3,2,2,1,1,0,1,1,0
12,4843.0,3,4,43,2,1,1,1,4,2,3,3,0,1,1,2,1,1,1,0
18,1984.0,4,4,47,2,1,3,3,3,2,0,3,2,2,0,0,1,0,1,1
18,2278.0,3,3,28,2,1,0,4,4,0,2,0,2,0,1,1,1,0,1,0
15,874.0,4,1,24,1,1,3,3,1,4,2,0,2,3,1,1,1,0,1,1
24,1246.0,4,2,23,1,1,0,3,4,2,2,3,2,3,2,1,3,0,1,0
18,3966.0,1,4,33,3,1,1,1,4,2,3,0,2,3,0,2,1,1,1,0
15,960.0,3,2,30,2,1,3,2,3,3,1,0,2,1,1,1,1,0,1,1
15,2631.0,3,2,25,1,1,0,3,7,0,0,0,2,3,1,1,3,0,1,1
15,1271.0,3,4,39,2,1,2,1,6,4,0,3,2,2,1,0,1,1,1,0
36,2337.0,4,4,36,1,1,0,1,6,2,3,3,2,3,1,1,1,0,1,1
10,1364.0,2,4,64,1,1,3,3,4,2,0,0,2,0,1,1,1,1,1,1
9,2753.0,3,4,35,1,1,3,3,6,0,3,3,0,0,1,1,1,1,1,1
24,2910.0,2,1,34,1,1,1,3,9,2,1,3,2,2,1,0,0,1,1,1
9,1391.0,2,1,27,1,1,0,3,0,2,0,2,2,3,0,1,1,1,1,1
24,5507.0,3,4,44,2,1,3,1,7,2,3,3,2,2,1,0,1,0,1,1
12,1574.0,4,2,50,1,1,3,3,3,2,0,3,2,3,1,1,1,0,1,1
24,2325.0,2,3,32,1,1,1,0,4,0,1,3,2,0,0,1,1,0,1,1
30,1908.0,4,4,66,1,1,2,2,0,2,3,3,2,3,1,1,0,1,1,0
24,2996.0,2,4,20,1,1,1,3,3,4,0,2,2,0,1,1,1,0,1,0
24,1546.0,4,4,24,1,1,1,0,6,2,1,3,1,0,0,2,3,0,1,0
24,2439.0,4,4,35,1,1,1,3,6,2,2,0,2,3,1,1,1,1,1,0
24,6842.0,2,4,46,2,2,3,1,9,4,0,3,2,1,1,1,0,1,1,1
24,2039.0,1,1,22,1,1,0,3,6,2,2,2,2,1,1,1,1,1,1,0
9,1288.0,3,4,48,2,2,1,1,7,0,3,3,1,3,1,1,1,0,0,1
5,3448.0,1,4,74,1,1,3,3,0,2,1,3,2,3,1,1,3,0,1,1
12,1386.0,2,2,26,1,1,3,3,4,1,0,0,2,1,1,1,1,0,1,0
18,1190.0,2,4,55,3,2,1,1,7,2,4,0,2,2,1,0,2,0,1,0
12,2292.0,4,2,42,2,1,3,1,0,2,4,3,2,0,2,1,0,1,1,0
24,5152.0,4,2,25,1,1,2,3,6,2,1,3,2,0,0,1,1,0,1,1
18,4380.0,3,4,35,1,2,1,3,4,0,0,3,2,0,1,1,3,1,1,1
12,1592.0,3,2,35,1,1,3,1,3,3,1,0,2,1,1,1,1,0,0,1
24,7393.0,1,4,43,1,2,3,3,4,2,0,3,2,1,1,1,3,0,1,1
12,618.0,4,4,56,1,1,3,1,6,2,3,3,2,3,1,1,1,0,1,1
12,1163.0,4,4,44,1,1,3,1,4,1,0,3,2,3,1,1,1,1,1,1
18,2462.0,2,2,22,1,1,1,3,3,2,0,3,2,0,1,1,1,0,1,0
21,1647.0,4,2,40,2,2,1,0,4,4,0,3,2,1,1,1,3,0,1,0
6,932.0,3,2,24,1,1,3,2,6,2,0,0,2,3,1,1,1,0,1,1
24,6314.0,4,2,27,2,1,3,1,5,2,4,3,0,2,0,1,0,1,1,1
11,1322.0,4,4,40,2,1,0,1,4,3,0,0,2,0,1,1,1,0,1,1
12,1258.0,2,4,22,2,1,3,1,3,2,2,0,2,1,1,2,3,0,1,1
12,2859.0,4,4,38,1,1,3,3,4,4,4,3,2,2,1,1,0,1,1,1
18,1056.0,3,3,30,2,1,0,1,4,2,3,3,1,3,0,1,1,0,1,0
24,5103.0,3,3,47,3,1,3,1,6,2,2,2,2,2,1,0,1,1,1,1
24,3552.0,3,4,27,1,1,1,0,3,2,1,3,2,0,0,1,1,0,1,0
36,3620.0,1,2,37,1,2,1,3,3,2,0,3,1,1,1,1,1,0,1,1
9,936.0,4,2,52,2,1,3,1,2,1,3,3,2,0,1,1,1,1,1,1
6,2116.0,2,2,41,1,1,2,3,3,2,0,3,2,3,1,1,1,1,1,1
6,1323.0,2,4,28,2,2,2,1,4,0,3,1,2,0,1,1,1,1,1,1
18,1098.0,4,4,65,2,1,3,1,6,2,4,0,2,0,1,1,2,0,1,1
48,6143.0,4,4,58,2,1,1,1,9,2,3,0,2,2,2,0,3,0,1,0
6,338.0,4,4,52,2,1,1,1,6,1,3,3,2,0,1,1,1,0,1,1
15,1444.0,4,1,23,1,1,0,3,6,4,2,3,2,1,1,1,1,0,1,1
24,3149.0,4,1,22,1,1,1,3,3,2,2,3,2,2,0,0,1,0,1,1
12,1274.0,3,1,37,1,1,1,3,4,2,2,0,2,3,1,1,3,0,1,0
24,2718.0,3,4,20,1,1,0,3,4,2,0,0,2,1,1,2,3,1,1,0
18,1049.0,4,4,21,1,1,1,1,3,2,2,0,2,1,1,2,1,0,1,1
18,1169.0,4,3,29,2,1,3,1,6,4,0,3,2,1,1,1,1,1,1,1
24,1474.0,4,3,33,1,1,3,3,4,0,2,2,2,3,1,1,1,1,1,1
12,3499.0,3,2,29,2,1,1,1,4,2,0,0,0,3,1,1,1,0,1,0
12,1228.0,4,2,24,1,1,1,3,4,2,0,0,2,3,1,1,3,0,1,0
30,2503.0,4,2,41,2,1,0,2,0,0,3,3,2,1,2,1,1,0,1,1
10,2146.0,1,3,23,2,1,3,1,3,2,2,0,2,3,1,2,1,0,1,1
12,1409.0,4,3,54,1,1,1,1,9,2,3,3,2,3,1,1,1,0,1,1
6,662.0,3,4,41,1,2,1,3,4,2,2,3,2,3,1,1,3,1,1,1
21,12680.0,4,4,30,1,1,3,1,4,4,3,3,2,2,1,0,0,1,1,0
36,1953.0,4,4,61,1,1,0,4,0,2,3,3,2,2,1,0,0,1,1,0
30,3017.0,4,4,47,1,1,2,1,6,2,3,3,2,1,1,1,1,0,1,1
24,1837.0,4,4,34,1,1,0,0,2,2,1,0,2,2,0,0,3,0,1,0
6,932.0,1,3,39,2,1,0,1,8,4,1,0,2,1,1,1,3,0,1,1
24,1559.0,4,4,50,1,1,3,0,0,2,1,3,2,0,0,1,1,1,1,1
48,4844.0,3,2,33,1,1,3,3,0,2,4,3,2,0,0,2,0,1,1,0
72,5595.0,2,2,24,1,1,0,3,6,0,0,2,2,0,1,1,1,0,1,0
12,1495.0,4,1,38,2,2,3,1,4,2,3,3,2,3,1,1,3,0,1,1
27,5117.0,3,4,26,2,1,3,2,0,2,1,3,2,0,1,1,1,0,1,1
18,3190.0,2,2,24,1,1,1,3,6,2,0,0,2,3,1,1,1,0,1,0
48,6224.0,4,4,50,1,1,0,2,2,2,3,3,2,2,1,0,1,0,1,0
33,4281.0,1,4,23,2,1,1,1,3,1,0,0,2,0,1,1,1,0,1,0
12,1680.0,3,1,35,1,1,1,3,6,1,3,2,2,3,1,1,1,0,1,1
10,1048.0,4,4,23,1,1,0,0,6,2,0,3,2,3,2,1,3,0,1,1
30,8072.0,2,3,25,3,1,1,4,0,4,2,3,2,0,0,1,1,0,1,1
6,1374.0,1,2,36,1,1,1,3,3,2,0,3,2,3,0,1,3,1,1,1
21,2353.0,1,4,47,2,1,0,2,4,2,0,1,2,1,1,1,1,0,1,1
36,3446.0,4,2,42,1,2,1,3,3,2,3,3,2,0,1,1,1,0,1,0
18,2473.0,4,1,25,1,1,1,3,3,2,4,3,2,0,1,1,2,0,1,0
15,3556.0,3,2,29,1,1,3,3,4,4,0,3,2,2,1,1,1,0,1,1
6,1374.0,4,3,75,1,1,1,3,4,4,4,0,2,1,1,1,0,1,1,1
24,1925.0,2,2,26,1,1,2,3,3,2,0,3,2,3,1,1,1,0,1,1
48,8487.0,1,2,24,1,1,0,3,4,4,1,0,2,0,1,1,1,0,1,1
11,3939.0,1,2,40,2,2,1,1,4,2,0,3,2,3,1,1,3,0,1,1
36,3535.0,4,4,37,2,1,3,1,4,2,1,3,2,0,1,1,1,1,1,1
21,571.0,4,4,65,2,1,1,1,4,2,3,3,2,3,1,1,1,0,1,1
18,3780.0,3,2,35,2,1,3,1,3,2,2,1,2,0,1,1,0,1,1,1
21,3160.0,4,3,41,1,1,3,3,6,4,3,3,2,1,1,1,1,1,1,1
24,2538.0,4,4,47,2,2,3,2,4,2,3,3,2,0,1,1,3,0,1,0
24,6579.0,4,2,29,1,1,1,3,9,2,4,3,2,2,1,0,0,1,1,1
48,6999.0,1,1,34,2,1,1,3,6,2,1,2,1,3,1,1,1,1,1,0
12,1995.0,4,1,27,1,1,0,1,4,0,2,3,2,0,1,1,1,0,1,1
12,717.0,4,4,52,3,1,3,1,6,2,3,3,2,3,1,1,1,0,1,1
36,3804.0,4,1,42,1,1,0,4,6,2,0,0,2,0,1,1,1,1,1,0
12,1223.0,1,1,46,2,1,0,3,4,2,3,1,2,3,1,2,1,0,1,0
12,2171.0,4,4,38,2,1,1,1,4,2,0,3,2,1,0,1,3,0,0,1
27,8613.0,2,2,27,2,1,3,2,9,3,0,3,2,0,1,1,1,0,1,1
12,2246.0,3,3,60,2,1,1,1,3,2,3,3,2,1,1,1,1,0,1,0
24,3757.0,4,4,62,1,1,3,3,4,2,3,0,0,2,1,0,1,1,1,1
24,1193.0,1,4,29,2,1,1,0,4,2,4,0,0,2,1,2,2,0,1,0
7,846.0,3,4,36,1,1,3,2,6,4,3,3,2,2,1,0,1,0,1,1
18,1453.0,3,1,26,1,1,3,3,6,2,2,0,2,3,1,1,1,0,1,1
26,7966.0,2,3,30,2,1,0,3,9,2,2,3,2,0,1,1,1,0,1,1
12,640.0,4,2,49,1,1,3,3,4,2,0,1,2,3,1,1,3,0,1,1
12,2578.0,3,4,55,1,1,1,3,3,2,4,0,2,2,1,0,0,0,1,1
12,841.0,2,4,23,1,1,0,3,0,0,1,0,2,3,1,2,3,0,1,1
9,2406.0,2,3,31,1,1,3,1,3,2,4,3,2,0,1,1,0,0,1,1
36,1977.0,4,4,40,1,1,1,3,2,4,3,3,2,2,1,1,0,1,1,0
18,433.0,3,4,22,1,1,3,3,6,2,4,0,0,3,1,2,1,0,1,0
24,12579.0,4,2,44,1,1,0,3,9,2,3,0,2,2,1,0,0,1,1,0
12,409.0,3,3,42,2,1,2,0,6,3,0,0,2,3,1,2,1,0,1,1
36,4455.0,2,2,30,2,1,0,2,0,2,0,1,2,3,2,1,0,1,1,0
9,3832.0,1,4,64,1,1,3,3,2,4,3,3,2,3,1,1,3,0,1,1
24,2896.0,2,1,29,1,1,0,3,6,0,2,3,2,0,1,1,1,0,1,1
6,1047.0,2,4,50,1,1,2,1,2,2,0,0,2,1,1,1,3,0,1,1
24,1940.0,4,4,60,1,1,3,1,4,3,3,3,2,3,1,1,1,1,1,1
6,1237.0,1,1,27,2,1,3,1,6,0,0,0,2,1,1,1,1,0,1,1
24,1311.0,4,3,26,1,1,3,3,6,0,1,2,2,1,1,1,1,1,1,1
9,1437.0,2,3,29,1,1,0,0,4,0,1,3,2,2,1,1,1,0,1,0
12,3447.0,4,3,35,1,2,3,0,8,1,0,0,2,3,1,1,3,0,1,1
24,929.0,4,2,31,1,1,3,3,3,4,1,3,2,0,2,1,1,1,1,1
24,6967.0,4,4,36,1,1,0,2,0,0,1,3,2,0,1,2,0,1,1,1
18,3378.0,2,1,31,1,1,3,3,9,4,0,3,2,1,1,1,1,1,1,1
12,1402.0,3,4,37,1,1,3,1,3,1,1,0,2,0,1,2,1,1,1,1
10,1231.0,3,4,32,2,2,3,1,4,2,3,3,2,3,1,1,3,0,0,1
30,2831.0,4,2,33,1,1,3,1,6,2,0,0,2,0,1,1,1,1,1,1
12,1657.0,2,2,27,1,1,1,3,3,2,0,3,2,3,1,1,1,0,1,1
15,3643.0,1,4,27,2,1,1,2,3,2,3,0,2,1,1,1,3,0,1,1
12,1262.0,3,2,25,1,1,3,3,6,2,0,3,2,0,1,1,1,0,1,1
24,1278.0,4,1,36,1,1,3,3,6,2,3,3,2,3,1,1,0,1,1,1
11,1393.0,4,4,35,2,1,3,1,4,2,2,0,2,0,1,1,0,0,1,1
60,7408.0,4,2,24,1,1,0,3,4,0,2,0,2,1,1,1,0,0,1,0
42,4796.0,4,4,56,1,1,2,1,9,2,3,3,2,2,1,0,1,0,1,1
39,8588.0,4,2,45,1,1,3,3,9,0,3,3,2,0,1,1,0,1,1,1
18,1913.0,3,3,36,1,1,0,3,0,3,2,2,2,3,0,1,1,1,1,1
24,4139.0,3,3,27,2,1,3,1,0,0,0,3,2,1,1,1,3,1,1,1
15,1478.0,4,3,33,2,1,3,2,6,2,0,2,2,3,0,1,1,0,1,1
24,3062.0,4,3,32,1,1,3,3,3,1,3,3,2,2,1,2,1,1,1,1
36,10477.0,2,4,42,2,1,3,1,9,4,3,3,2,2,1,0,1,0,1,1
39,2569.0,4,4,24,1,1,3,3,9,1,0,3,2,0,1,1,1,0,1,1
18,1301.0,4,2,32,1,1,0,3,6,2,3,2,1,3,1,1,3,0,1,1
36,6948.0,2,2,35,1,1,0,3,9,2,0,3,2,0,1,2,0,1,1,1
24,1553.0,3,2,23,2,1,0,2,6,0,1,0,2,1,1,2,1,1,1,1
12,7472.0,1,2,24,1,1,0,3,4,4,4,0,2,3,1,2,2,0,1,1
12,1168.0,4,3,27,1,1,1,3,4,2,0,2,2,3,1,1,3,0,1,1
9,1478.0,4,2,22,1,1,3,3,6,2,1,3,2,0,1,1,1,0,1,0
12,2251.0,1,2,46,1,1,2,3,3,2,0,0,2,0,1,1,3,0,1,1
18,1126.0,4,2,21,1,1,3,3,6,4,2,0,2,3,1,2,1,1,1,1
24,2760.0,4,4,36,1,1,0,3,9,4,3,3,2,2,0,0,1,1,1,1
36,2671.0,4,4,50,1,1,0,3,6,0,0,0,0,2,1,0,1,0,1,0
30,4272.0,2,2,26,2,1,3,2,0,0,0,3,2,1,1,1,3,0,1,1
24,1382.0,4,1,26,2,1,1,1,0,0,1,3,2,3,1,1,1,1,1,1
24,2028.0,2,2,30,2,1,3,1,3,2,1,3,2,1,1,1,3,0,1,1
30,5954.0,3,2,38,1,1,3,1,6,2,1,3,0,0,1,1,1,0,1,1
21,1835.0,3,2,25,2,1,1,3,6,2,0,0,2,3,1,1,1,1,1,0
9,1154.0,2,4,37,3,1,0,1,6,2,3,3,2,3,1,1,3,0,1,1
9,1337.0,4,2,34,2,1,2,4,6,2,2,3,2,0,1,1,0,1,1,0
11,4771.0,2,4,51,1,1,0,2,6,2,1,3,2,1,1,1,1,0,1,1
24,1333.0,4,2,43,2,2,1,2,4,2,4,3,2,3,1,0,1,0,1,0
24,2679.0,4,1,29,1,1,3,3,9,2,2,0,2,2,1,1,0,1,1,1
18,1042.0,4,2,33,1,1,0,3,4,4,0,0,2,1,1,1,1,0,1,0
36,12389.0,1,4,37,1,1,0,3,4,4,0,3,2,2,1,0,1,1,1,0
48,3844.0,4,4,34,1,2,0,4,0,0,1,3,2,2,1,0,3,0,1,0
6,1068.0,4,4,28,1,2,0,3,6,2,3,3,2,0,1,1,1,0,1,1
15,2360.0,2,2,36,1,1,2,1,9,1,0,3,2,0,1,1,1,1,1,1
21,3357.0,4,2,29,1,1,1,3,6,3,2,0,2,0,0,1,1,0,1,1
12,2028.0,4,2,30,1,1,0,3,9,4,0,3,2,0,1,1,1,0,1,1
24,2825.0,4,3,34,2,2,0,1,0,4,1,3,2,2,1,1,1,1,1,1
15,2631.0,2,4,28,2,1,0,3,4,0,0,0,2,0,1,2,1,1,1,0
21,2767.0,4,2,61,2,1,0,3,0,0,3,1,2,0,0,2,3,0,1,0
15,3594.0,1,2,46,2,1,3,2,9,2,2,0,2,1,1,1,3,0,1,1
9,1919.0,4,3,35,1,1,0,1,3,2,1,3,2,0,1,2,1,1,1,1
24,2197.0,4,4,43,2,2,3,1,9,4,1,3,2,0,1,1,1,1,1,1
60,7297.0,4,4,36,1,1,1,3,0,2,3,3,0,2,1,2,1,0,1,0
18,4594.0,3,2,32,1,1,3,3,6,2,2,3,2,0,1,1,1,1,1,1
36,5179.0,4,2,29,1,1,1,3,3,2,1,3,2,1,1,1,1,0,1,0
12,609.0,4,1,26,1,1,2,0,0,2,2,0,2,3,1,1,2,0,1,0
48,7238.0,3,3,32,2,2,3,2,6,4,3,3,2,0,0,1,1,0,1,1
8,1164.0,3,4,51,2,2,1,1,5,2,3,3,2,2,0,0,0,1,1,1
24,4712.0,4,2,37,2,1,0,2,0,4,0,3,2,1,0,1,0,1,1,1
6,518.0,3,1,29,1,1,3,3,6,2,0,0,2,3,1,1,1,0,1,1
15,1308.0,4,4,38,2,1,0,3,7,2,3,3,2,0,1,1,3,0,1,1
18,976.0,1,2,23,1,1,1,3,4,2,2,0,2,0,1,1,3,0,1,0
18,2039.0,1,4,20,1,1,1,3,3,2,0,0,2,3,0,2,1,0,1,0
18,3229.0,2,4,38,1,1,3,1,9,4,4,3,2,2,1,1,0,1,1,1
18,3422.0,4,4,47,3,2,3,3,3,2,3,3,2,1,0,1,1,1,1,1
15,4623.0,3,2,40,1,1,3,3,2,0,0,3,2,1,1,1,0,1,1,0
18,3114.0,1,4,26,1,1,1,4,3,2,2,0,2,1,1,2,1,0,1,0
24,6419.0,2,4,44,2,2,1,1,9,2,3,0,2,2,1,0,0,1,1,1
12,2214.0,4,3,24,1,1,1,3,6,2,0,3,2,1,1,1,3,0,1,1
24,7758.0,2,4,29,1,1,0,1,9,3,3,0,2,2,1,2,1,0,1,1
14,3973.0,1,4,22,1,1,1,3,4,2,4,3,2,2,1,0,1,0,1,1
28,7824.0,3,4,40,2,2,3,0,9,4,2,3,1,3,0,2,1,1,1,1
18,2659.0,4,2,28,1,1,1,3,3,3,0,3,2,0,1,1,1,0,1,1
24,1533.0,4,3,38,1,1,3,3,6,2,2,0,2,0,2,1,1,1,1,1
18,6204.0,2,4,44,1,2,0,2,7,2,0,3,2,3,1,1,3,1,1,1
21,2288.0,4,4,23,1,1,3,1,3,2,2,0,2,1,1,1,1,1,1,1
27,2442.0,4,4,43,4,2,1,1,0,2,3,3,2,0,2,1,0,1,1,1
24,5084.0,2,4,42,1,1,0,3,6,4,3,0,2,0,1,1,1,1,1,1
36,3342.0,4,2,51,1,1,3,1,6,4,3,3,2,0,1,1,1,1,1,1
18,2389.0,4,1,27,1,1,1,3,6,2,2,0,2,0,2,1,1,0,1,1
24,1901.0,4,4,29,1,1,3,3,6,0,0,3,2,0,1,2,0,1,1,1
12,759.0,4,2,26,1,1,1,3,4,2,1,3,2,3,1,1,1,0,1,0
48,8358.0,1,1,30,2,1,0,4,4,1,2,0,2,0,1,1,1,0,1,1
12,1103.0,4,3,29,2,1,0,3,6,2,1,3,1,3,1,1,1,0,0,1
36,9857.0,1,3,31,2,2,0,2,0,0,1,3,2,1,1,1,3,1,1,1
9,276.0,4,4,22,1,1,0,3,4,2,0,2,2,3,1,2,3,0,1,1
24,1585.0,4,3,40,2,1,3,1,3,2,1,3,2,1,1,1,1,0,1,1
24,3181.0,4,4,26,1,1,3,3,6,2,2,0,2,1,1,1,1,1,1,1
36,5371.0,3,2,28,2,1,1,1,3,2,0,3,1,1,1,1,1,0,1,1
12,3059.0,2,4,61,1,1,3,3,6,3,1,1,2,3,1,1,3,0,1,1
12,1255.0,4,4,61,2,1,3,1,4,2,3,3,2,3,1,1,3,0,1,1
18,1961.0,3,2,23,1,1,2,3,4,2,3,0,2,0,1,1,0,0,1,1
4,1503.0,2,1,42,2,2,3,1,6,2,1,3,2,3,1,1,3,0,1,1
15,1264.0,2,2,25,1,1,0,0,4,0,0,2,2,1,1,2,1,0,1,0
30,3108.0,2,4,31,1,1,1,3,3,2,2,1,2,1,1,1,3,0,1,0
48,6681.0,4,4,38,1,2,0,2,0,4,0,3,2,2,1,0,1,1,1,1
9,1136.0,4,3,32,2,2,0,1,2,3,3,3,2,2,1,0,1,0,1,0
24,4057.0,3,3,43,1,1,0,3,3,2,1,1,2,0,1,1,1,1,1,0
12,684.0,4,4,40,1,2,1,3,2,2,0,3,2,0,1,2,3,0,1,0
47,10722.0,1,1,35,1,1,1,3,4,2,2,0,2,3,1,1,3,1,1,1
18,8471.0,1,2,23,2,1,1,2,2,4,0,0,2,0,1,2,1,1,1,1
36,2394.0,4,4,25,1,1,3,3,6,4,0,0,2,0,1,1,1,0,1,1
36,5800.0,3,4,34,2,1,0,1,9,2,0,3,2,0,1,1,1,1,1,1
18,2320.0,2,3,34,2,1,3,2,6,2,4,2,2,3,1,1,1,0,1,1
60,15653.0,2,4,21,2,1,3,2,6,2,1,3,2,0,1,1,1,1,1,1
24,1216.0,4,4,38,2,2,0,1,6,0,2,3,2,2,0,1,1,0,1,0
36,4210.0,4,2,26,1,1,2,3,6,2,0,3,2,0,1,1,1,0,1,0
12,3617.0,1,4,28,3,1,0,1,3,2,3,3,2,0,1,2,1,1,1,1
10,2848.0,1,2,32,1,2,3,3,9,0,0,3,0,3,1,1,1,0,1,1
15,5324.0,1,4,35,1,1,3,3,4,1,3,0,2,2,1,0,1,0,1,1
36,2299.0,4,4,39,1,1,3,3,6,1,3,3,2,0,1,1,1,0,1,1
6,1346.0,2,4,42,1,2,3,3,6,0,3,3,2,2,0,0,1,1,1,1
20,6468.0,1,4,60,1,1,0,3,9,4,4,1,2,3,1,1,0,1,1,1
24,1516.0,4,1,43,2,1,3,1,6,3,0,0,2,3,1,1,3,0,1,1
48,6331.0,4,4,46,2,1,1,1,9,2,3,3,2,2,1,0,1,1,1,0
24,1552.0,3,1,32,1,2,3,3,6,2,1,3,2,0,0,1,1,0,1,1
24,11560.0,1,4,23,2,1,0,3,9,2,0,0,2,0,1,2,0,0,1,0
10,894.0,4,3,40,1,1,3,3,8,4,1,0,2,1,1,1,1,1,1,1
12,1289.0,4,1,21,1,1,1,3,3,2,0,3,1,1,1,1,3,0,1,1
15,1478.0,4,4,44,2,2,1,1,3,2,3,3,2,0,1,1,1,1,1,1
48,2751.0,4,3,38,2,2,3,1,9,4,3,3,2,0,1,1,1,1,1,1
12,2073.0,4,2,28,1,1,3,3,6,0,0,0,0,3,1,1,1,0,1,1
15,1262.0,4,3,36,2,1,3,3,1,1,1,3,2,1,1,1,1,1,1,1
18,2779.0,1,3,21,1,1,0,3,9,2,0,2,2,0,1,2,1,1,1,1
15,3812.0,1,4,23,1,1,3,3,9,0,2,0,2,0,1,1,1,1,1,1
24,3632.0,1,4,22,1,1,1,0,9,2,0,0,1,0,0,2,1,0,0,1
12,1474.0,4,1,33,1,1,2,3,3,2,2,0,2,1,0,1,0,1,1,1
9,1549.0,4,2,35,1,1,0,3,4,4,2,3,2,3,1,1,2,0,1,1
18,5302.0,2,4,36,3,1,1,1,4,2,3,3,2,2,1,0,0,1,1,1
48,7476.0,4,1,50,1,1,1,3,2,2,1,3,2,2,1,0,0,1,1,1
6,426.0,4,4,39,1,1,3,4,6,2,3,2,2,0,1,1,3,0,1,1
12,886.0,4,2,21,1,1,3,3,6,4,0,0,2,0,1,1,1,0,1,1
24,1258.0,3,3,57,1,1,2,3,6,1,0,0,2,0,1,1,3,0,1,1
11,7228.0,1,4,39,2,1,3,1,4,2,0,3,2,1,1,1,3,0,1,1
6,683.0,2,1,29,1,1,2,2,6,2,2,0,2,1,0,1,1,0,1,1
12,1108.0,4,3,28,2,1,1,4,7,2,1,3,2,3,1,1,1,0,1,0
36,8229.0,2,2,26,1,2,1,3,9,2,0,3,2,1,1,1,1,0,1,0
12,1534.0,1,1,23,1,1,0,3,6,2,2,2,2,3,1,2,1,0,1,0
21,2782.0,1,2,31,1,1,3,3,4,1,1,0,2,0,0,1,0,0,1,1
24,3105.0,4,2,25,2,1,3,3,6,4,2,3,2,0,1,1,1,0,1,1
24,2828.0,4,4,22,1,1,1,0,3,1,0,3,2,3,2,1,1,1,1,1
18,3612.0,3,4,37,1,1,0,1,3,2,3,0,2,1,1,1,1,1,1,1
48,7119.0,3,4,53,2,2,1,4,3,2,0,3,2,2,1,0,1,0,1,0
15,1053.0,4,2,27,1,1,1,3,6,2,2,2,2,3,1,1,1,0,0,1
18,1445.0,4,4,49,1,1,2,0,6,4,1,3,2,0,0,1,3,0,1,1
24,3148.0,3,2,31,2,1,2,1,6,4,0,3,2,0,1,1,1,1,1,1
36,2384.0,4,1,33,1,1,0,3,7,2,2,3,2,2,1,2,3,0,1,0
30,3857.0,4,4,40,1,1,1,3,9,2,0,1,2,1,1,1,0,1,1,1
15,6850.0,1,2,34,1,2,0,0,4,0,4,3,2,1,1,1,0,1,1,0
24,2359.0,1,1,33,1,1,1,3,3,0,4,1,2,1,1,1,1,0,1,0
18,4165.0,2,2,36,2,2,3,4,0,2,0,3,2,0,2,1,1,0,1,0
48,11590.0,2,4,24,2,1,3,1,9,0,0,0,2,0,0,2,3,0,1,0
27,5965.0,1,2,30,2,1,0,2,9,2,3,3,2,0,1,1,0,1,1,1
12,727.0,4,3,33,1,1,1,3,6,0,2,2,2,2,1,1,3,1,1,0
9,2301.0,2,4,22,1,1,3,3,3,0,2,0,2,1,1,2,1,0,1,1
13,1409.0,2,4,64,1,1,3,3,6,0,4,0,2,3,1,1,1,0,1,1
18,1936.0,2,4,23,2,1,1,3,6,4,1,2,2,0,1,2,3,0,1,1
18,4153.0,2,3,42,1,1,1,3,3,2,0,3,0,0,1,1,1,0,1,0
24,6403.0,1,2,33,1,1,0,2,6,2,2,3,2,0,1,1,1,0,1,1
24,3488.0,3,4,23,1,1,3,3,9,0,1,0,2,0,1,1,1,0,1,1
60,14027.0,4,2,27,1,1,0,3,4,2,1,3,2,2,1,1,0,1,1,0
24,8648.0,2,2,27,2,1,3,2,0,2,2,3,2,0,0,1,1,1,1,0
12,2012.0,4,2,61,1,1,3,1,2,4,1,0,2,0,1,1,1,0,1,1
12,741.0,4,3,22,1,1,1,3,1,0,4,0,2,1,1,1,1,0,1,0
24,5804.0,4,2,27,2,1,3,1,9,3,0,3,2,3,1,1,1,0,1,1
60,13756.0,2,4,63,1,1,3,1,4,4,3,3,2,2,0,0,0,1,1,1
15,1275.0,4,2,24,1,1,1,3,1,4,0,0,2,0,1,2,1,0,1,0
9,2697.0,1,2,32,1,2,3,3,6,2,0,3,2,3,1,1,1,0,1,1
24,3345.0,4,2,39,1,1,1,3,3,2,3,3,2,1,1,2,0,1,1,0
8,907.0,3,2,26,1,1,0,3,0,2,2,2,2,3,1,1,1,1,1,1
18,2100.0,4,2,37,1,1,2,3,6,2,0,3,0,3,2,1,1,0,1,0
11,2142.0,1,2,28,1,1,3,3,0,3,3,1,2,3,1,1,1,1,1,1
9,2030.0,2,1,24,1,1,0,3,3,4,1,3,2,0,1,1,1,1,1,1
12,2171.0,2,2,29,1,1,3,3,6,2,2,0,2,0,0,1,1,0,1,1
24,2812.0,2,4,26,1,1,1,3,9,4,3,0,2,3,1,2,1,0,1,1
6,2108.0,2,2,29,1,1,3,3,6,2,1,2,2,3,1,2,1,0,1,1
24,2684.0,4,2,35,2,1,3,1,6,2,0,3,2,3,1,1,3,0,1,1
24,2872.0,3,4,36,1,2,3,1,6,0,3,3,2,3,1,1,1,1,1,1
24,1747.0,4,1,24,1,1,1,3,3,2,2,3,0,1,1,1,3,0,0,1
30,1919.0,4,3,30,2,1,0,2,6,0,2,3,2,2,2,1,0,0,1,0
24,2483.0,4,4,22,1,1,1,0,3,1,0,3,2,3,2,1,1,1,1,1
6,709.0,2,2,27,1,1,2,3,4,3,2,2,2,3,1,1,2,0,0,1
9,1244.0,4,4,41,2,1,3,1,2,4,3,0,2,1,1,2,3,0,1,1
24,2032.0,4,4,60,2,1,3,2,4,2,3,3,2,2,1,0,1,1,1,1
6,1595.0,3,2,51,1,2,3,3,6,2,1,3,2,1,1,1,1,0,1,1
36,2302.0,4,4,31,1,1,1,3,6,2,0,1,2,0,1,2,1,0,1,0
30,2991.0,2,4,25,1,1,0,3,6,4,3,0,2,0,1,1,1,0,1,1
36,4454.0,4,4,34,2,1,3,2,6,2,0,0,2,3,1,1,1,0,1,1
15,1845.0,4,1,46,1,1,1,3,3,2,2,0,1,1,1,2,1,0,1,1
15,975.0,2,3,25,2,1,1,1,3,2,0,1,2,1,1,1,1,0,1,1
12,1542.0,2,4,36,1,1,3,3,0,2,1,3,2,0,1,1,1,1,1,1
24,717.0,4,4,54,2,1,3,2,4,4,3,2,2,0,1,1,1,1,1,1
10,2132.0,2,3,27,2,1,1,1,3,4,2,0,0,3,1,2,1,0,0,1
12,1344.0,4,2,43,2,2,1,2,4,2,0,3,2,3,1,1,3,0,1,1
24,1927.0,3,2,33,2,1,3,1,2,4,0,0,2,0,1,1,1,1,1,1
48,6416.0,4,3,59,1,1,0,0,0,2,3,0,2,2,1,2,1,0,1,0
9,1138.0,4,4,25,2,1,1,1,6,2,0,3,2,3,1,1,3,0,1,1
48,12169.0,4,4,36,1,1,0,0,4,4,4,3,0,2,1,0,0,1,1,1
18,2169.0,4,2,28,1,1,3,2,0,2,0,2,2,0,1,1,1,1,1,0
48,7582.0,2,4,31,1,1,0,2,5,0,4,3,2,2,1,0,0,1,1,1
15,392.0,4,4,23,1,1,2,3,2,2,2,0,2,1,1,2,1,1,1,1
30,1867.0,4,4,58,1,1,3,3,6,4,3,3,2,0,1,1,1,1,1,1
42,9283.0,1,2,55,1,1,0,0,9,2,4,3,2,2,0,0,0,1,1,1
6,1740.0,2,2,30,2,1,3,1,6,2,3,2,2,3,1,2,1,0,1,1
18,1245.0,4,2,33,1,1,0,1,6,2,0,2,2,0,1,1,1,0,1,0
24,5943.0,1,1,44,2,1,3,3,6,4,2,0,2,0,1,1,1,1,1,0
12,6078.0,2,2,32,1,1,0,3,4,2,1,3,2,0,1,1,1,0,1,1
6,2063.0,4,3,30,1,1,0,3,6,2,2,2,2,0,1,2,0,1,1,1
9,1082.0,4,4,27,2,1,0,3,6,2,3,3,2,0,1,1,3,0,1,1
24,4817.0,2,3,31,1,1,1,3,4,2,1,3,0,1,1,1,1,1,1,0
6,1543.0,4,2,33,1,1,3,3,3,3,0,1,2,3,1,1,1,0,1,1
60,7418.0,1,1,27,1,1,0,2,6,4,0,3,2,3,1,1,3,0,1,1
18,6260.0,3,3,28,1,1,0,3,4,2,1,3,2,3,1,2,3,0,1,1
24,1287.0,4,4,37,2,1,3,1,4,3,3,0,2,3,1,1,1,1,1,1
21,2580.0,4,2,41,1,2,3,2,0,1,2,3,2,3,0,1,3,0,1,0
24,4020.0,2,2,27,1,1,1,3,3,2,0,3,2,0,2,1,1,0,1,1
9,745.0,3,2,28,1,1,2,3,6,2,0,0,2,3,1,1,3,0,1,0
24,4169.0,4,4,28,1,1,1,3,3,2,0,3,2,1,1,1,1,0,1,1
12,1768.0,3,2,24,1,1,3,3,3,2,0,3,2,3,1,2,3,0,1,1
20,2629.0,2,3,29,2,1,0,2,5,2,0,3,2,0,0,1,1,1,1,1
12,1372.0,2,3,36,1,1,1,3,4,2,1,1,2,0,1,1,1,0,1,0
9,2136.0,3,2,25,1,1,1,3,3,2,0,3,2,3,1,1,1,0,1,1
18,1055.0,4,1,30,2,1,3,1,4,2,2,0,2,1,1,1,1,0,1,1
24,4679.0,3,3,35,2,1,3,2,9,2,1,3,2,0,1,1,3,1,1,1
36,7127.0,2,4,23,2,1,3,1,3,2,2,0,2,1,1,2,1,1,1,0
24,2578.0,2,2,34,1,1,3,1,6,3,3,3,2,0,1,1,1,0,1,1
9,1670.0,4,2,22,1,1,0,3,6,2,2,0,2,0,1,1,1,1,1,0
18,3104.0,3,1,31,1,1,1,4,0,2,1,3,2,1,0,1,1,1,1,1
24,6568.0,2,2,21,1,1,1,3,0,2,0,2,2,0,2,1,3,0,1,1
18,1940.0,3,4,36,1,1,1,0,6,2,2,3,0,2,0,0,0,1,1,1
10,781.0,4,4,63,2,1,2,1,4,2,3,3,2,2,1,0,1,1,1,1
42,7882.0,2,4,45,1,2,1,3,3,2,1,3,1,1,1,0,1,0,1,1
18,1943.0,4,4,23,1,1,3,3,7,2,2,0,2,3,1,1,1,0,1,0
9,2134.0,4,4,48,3,1,3,1,4,2,0,3,2,0,1,1,1,1,1,1
6,3518.0,2,3,26,1,1,3,3,4,2,0,3,1,1,1,2,1,0,1,1
18,2249.0,4,3,30,1,2,1,3,4,0,1,3,2,0,1,1,0,1,1,1
6,1203.0,3,2,43,1,1,1,3,4,0,3,3,2,1,1,1,1,1,1,1
48,4605.0,3,4,24,2,2,1,4,9,2,3,3,2,2,1,0,1,0,1,0
18,2124.0,4,4,24,2,1,1,1,3,2,0,0,2,3,1,2,1,0,1,0
24,2346.0,4,3,35,2,1,3,1,9,2,1,3,2,0,1,1,1,1,1,1
15,2221.0,2,4,20,1,1,3,3,3,1,0,0,2,0,1,2,1,0,1,1
15,1532.0,4,3,31,1,1,3,1,2,0,0,0,2,0,1,1,1,0,1,1
24,1199.0,4,4,60,2,1,1,1,4,2,3,3,2,0,1,1,3,0,1,0
10,2210.0,2,2,25,1,1,3,3,3,2,0,3,2,3,0,2,3,0,1,0
18,5866.0,2,2,30,2,1,0,3,4,0,0,3,2,0,1,1,1,1,1,1
9,3074.0,1,2,33,2,2,3,1,6,4,0,3,2,3,1,1,1,0,1,1
6,783.0,1,2,26,1,2,3,0,4,4,0,3,1,3,2,1,3,0,1,1
6,2978.0,1,2,32,1,1,3,3,3,1,0,3,2,0,1,1,1,1,1,1
18,3850.0,3,1,27,2,1,3,1,9,2,1,3,2,0,1,1,1,0,1,1
9,2507.0,2,4,51,1,1,3,3,4,1,3,3,2,2,1,0,3,0,1,1
36,4795.0,4,1,30,1,1,0,3,6,2,2,0,2,2,1,1,0,1,1,1
10,1924.0,1,4,38,1,1,3,3,6,2,0,3,2,1,1,1,1,1,0,1
6,1898.0,1,2,34,2,2,3,1,6,4,0,3,2,3,1,1,3,0,1,1
21,2241.0,4,2,50,2,1,3,3,3,2,3,3,2,3,1,1,1,0,1,1
12,2759.0,2,4,34,2,1,3,4,3,2,3,3,2,1,1,1,1,0,1,1
36,6614.0,4,4,34,2,1,3,1,4,2,3,3,2,0,1,1,0,1,1,1
15,2708.0,2,3,27,2,1,3,3,3,2,2,3,2,1,0,1,3,0,1,1
12,674.0,4,1,20,1,1,1,3,6,0,1,2,2,1,1,1,1,0,1,0
24,4151.0,2,3,35,2,1,3,2,3,0,0,3,2,1,1,1,1,0,1,1
21,3599.0,1,4,26,1,1,1,3,3,2,1,0,2,0,1,2,3,0,1,1
9,1313.0,1,4,20,1,1,3,3,3,2,3,3,2,0,1,1,1,0,1,1
42,5954.0,2,1,41,2,1,0,1,0,2,1,0,2,3,0,1,3,0,1,1
36,9572.0,1,1,28,2,1,3,2,0,2,2,1,2,0,1,1,1,0,1,0
30,7485.0,4,1,53,1,1,3,0,9,4,4,0,2,3,0,1,0,1,1,0
48,7629.0,4,2,46,2,2,3,1,0,4,3,1,2,0,0,1,0,0,1,1
12,754.0,4,4,38,2,1,0,3,8,4,3,3,2,1,1,1,1,0,1,1
54,9436.0,2,2,39,1,2,3,4,9,4,0,3,2,1,1,1,3,0,1,1
6,428.0,2,1,49,1,1,1,3,3,2,3,0,2,1,0,1,1,1,1,1
12,522.0,4,4,42,2,2,3,1,6,1,3,3,2,1,1,1,1,1,1,1
8,1237.0,3,4,24,1,1,0,3,3,2,0,0,2,3,1,1,1,0,1,0
21,1572.0,4,4,36,1,1,3,3,0,3,3,0,2,3,0,1,3,0,1,1
36,3990.0,3,2,29,1,1,0,0,1,4,2,0,2,2,0,1,2,0,1,1
30,2181.0,4,4,36,2,1,0,1,4,4,3,3,2,3,1,1,1,0,1,1
15,806.0,4,4,22,1,1,1,3,0,2,0,0,2,1,1,1,3,0,1,1
24,3123.0,4,1,27,1,1,1,3,4,2,2,0,2,1,1,1,1,0,1,0
36,7678.0,2,4,40,2,1,3,2,3,1,1,0,2,0,1,1,1,1,1,1
6,660.0,2,4,23,1,1,3,3,7,1,1,2,2,3,1,2,3,0,1,1
20,2235.0,4,2,33,2,1,1,1,4,2,0,2,1,1,0,2,1,0,0,0
12,1620.0,2,3,30,1,1,1,3,3,2,0,0,0,1,1,1,1,0,1,1
30,3441.0,2,4,21,1,1,0,3,3,0,0,0,0,0,1,2,1,0,1,0
8,1414.0,4,2,33,1,1,0,3,6,2,0,3,1,3,1,1,1,0,0,1
12,1297.0,3,4,23,1,1,2,3,6,2,0,2,2,3,1,2,1,0,1,1
12,708.0,2,3,38,1,2,1,3,3,2,0,3,1,1,1,1,3,0,1,1
12,2279.0,4,4,37,1,1,3,3,6,4,0,3,2,2,1,0,1,1,1,1
24,1603.0,4,4,55,1,1,1,3,6,2,3,0,2,0,1,1,1,0,1,1
18,1800.0,4,2,24,2,1,3,1,6,2,0,3,2,0,1,1,1,0,1,1
9,458.0,4,3,24,1,1,0,3,6,2,0,3,2,3,1,1,1,0,1,1
60,6527.0,4,4,34,1,2,3,3,4,4,0,3,2,2,1,0,1,1,1,1
24,1344.0,4,2,37,2,2,2,1,4,4,1,3,2,3,0,1,3,0,1,0
36,4473.0,4,2,31,1,1,2,3,6,2,3,3,2,0,1,1,1,0,1,1
15,1520.0,4,4,63,1,1,3,1,3,4,3,3,2,1,1,1,1,0,1,1
24,3161.0,4,2,31,1,1,1,0,0,2,0,3,2,1,1,2,1,1,1,0
18,3590.0,3,3,40,3,2,0,1,0,2,4,2,2,0,1,1,2,1,1,1
36,3079.0,4,4,36,1,1,3,3,4,4,0,3,2,3,1,1,1,0,1,1
12,1318.0,4,4,54,1,1,0,3,4,3,3,3,2,3,1,1,1,1,1,1
12,339.0,4,1,45,1,1,1,0,8,2,3,2,2,0,0,1,3,0,1,1
16,1175.0,2,3,68,3,1,0,1,4,2,4,3,2,0,1,0,2,1,1,1
6,433.0,4,2,24,1,2,0,0,2,3,2,0,2,1,0,2,1,0,1,0
12,2133.0,4,4,52,1,1,3,3,4,4,3,0,2,2,1,0,0,1,1,1
24,1231.0,4,4,57,2,1,1,1,6,3,3,0,2,1,1,2,0,1,1,1
36,6229.0,4,4,23,2,1,1,1,3,2,2,0,0,2,1,2,3,1,1,0
6,362.0,4,4,52,2,1,3,1,4,0,0,0,2,0,1,1,3,0,1,1
10,1347.0,4,2,27,2,1,2,1,6,4,1,3,2,1,1,1,1,1,1,1
36,9034.0,4,1,29,1,1,0,3,3,0,2,3,0,2,1,2,0,1,1,0
39,14179.0,4,4,30,2,1,1,1,3,4,1,3,2,1,1,1,0,1,1,1
24,1207.0,4,4,24,1,1,1,3,4,2,2,0,2,1,1,2,1,0,1,0
22,1283.0,4,4,25,1,1,3,3,4,4,1,0,2,1,1,2,1,0,1,1
36,5842.0,2,2,35,2,2,3,1,9,2,3,3,2,1,1,1,1,1,1,1
24,3617.0,4,4,20,2,1,2,1,3,4,3,3,0,2,1,2,1,0,1,1
15,950.0,4,3,33,2,2,1,4,4,2,3,3,2,0,1,2,1,0,1,0
30,2406.0,4,4,23,1,1,1,3,3,2,1,0,2,3,1,2,1,0,1,0
15,1433.0,4,3,25,2,1,1,1,3,2,0,0,2,1,1,2,1,0,1,1
24,1659.0,4,2,29,1,1,1,2,6,2,2,0,2,0,1,2,3,1,1,0
9,1388.0,4,2,26,1,1,3,3,3,2,0,0,2,3,1,2,1,0,1,1
48,6560.0,3,2,24,1,1,0,3,4,0,1,3,2,1,1,1,1,0,1,0
12,1493.0,4,3,34,1,2,3,3,6,2,2,0,2,0,1,1,1,0,1,1
30,1715.0,4,1,26,1,1,0,3,6,4,0,0,2,0,1,1,1,0,1,1
36,2145.0,2,1,24,2,1,1,2,0,2,1,3,2,0,1,1,1,1,1,0
24,6313.0,3,4,41,1,2,3,3,9,4,3,3,2,0,1,1,0,1,1,1
9,790.0,4,3,66,1,1,0,3,6,1,0,0,2,3,1,1,3,0,1,1
36,3913.0,2,2,23,1,1,2,3,6,2,0,3,2,3,1,1,1,1,1,1
12,1331.0,2,1,22,1,1,0,3,6,2,2,3,2,0,2,1,1,0,1,0
28,2743.0,4,2,29,2,1,3,1,6,2,3,3,2,0,1,1,1,0,1,1
30,6350.0,4,4,31,1,1,1,3,3,4,3,3,2,1,1,1,1,0,1,0
12,1424.0,3,4,55,1,1,2,3,3,4,3,0,2,3,1,1,0,1,1,1
60,14782.0,3,4,60,2,1,0,0,5,0,3,0,2,2,0,0,0,1,1,0
18,2899.0,4,4,43,1,2,0,2,4,4,3,3,2,0,1,1,1,0,1,1
6,1236.0,2,4,50,1,1,3,3,9,1,0,3,2,1,1,2,1,0,1,1
21,2476.0,4,4,46,1,1,3,3,9,4,3,3,2,3,1,1,0,1,1,1
15,1514.0,4,2,22,1,1,0,3,7,0,0,3,1,3,1,1,1,0,1,1
15,1471.0,4,4,35,2,1,3,1,6,2,0,3,2,2,1,0,1,1,1,1
18,1864.0,4,2,30,2,1,3,1,2,0,0,0,2,3,1,1,1,0,1,0
24,1823.0,4,2,30,1,2,1,3,6,2,4,3,2,0,2,1,0,0,1,0
6,672.0,1,4,54,1,1,3,3,4,2,4,0,2,3,1,1,2,1,1,1
9,1206.0,4,4,25,1,1,0,3,6,2,3,0,2,3,1,1,1,0,1,1
48,7763.0,4,4,42,1,1,1,3,4,2,3,3,2,2,0,0,0,0,1,0
12,3651.0,1,3,31,1,2,1,3,4,3,0,3,2,1,1,1,1,0,1,1
12,1393.0,4,4,47,3,2,3,3,2,2,3,3,2,1,0,1,1,1,1,1
9,1366.0,3,4,22,1,1,1,3,6,2,2,0,2,1,1,2,1,0,1,0
21,3763.0,2,2,24,1,1,1,3,4,4,1,3,0,3,1,1,3,0,0,1
6,1766.0,1,2,21,1,1,3,3,3,2,0,2,2,1,1,2,1,0,1,1
24,2064.0,3,2,34,1,1,0,2,3,2,4,0,2,1,1,1,0,1,1,0
24,1469.0,4,4,41,1,1,3,3,4,0,3,2,2,3,1,2,3,0,1,1
12,2445.0,2,4,26,1,1,3,3,9,4,2,2,2,0,1,2,1,1,1,1
18,1553.0,4,3,44,1,1,1,0,3,2,0,3,2,0,0,1,1,0,1,0
18,866.0,4,2,25,1,1,0,3,6,2,0,2,1,3,1,1,3,0,1,1
36,8133.0,1,2,30,1,1,3,3,9,2,0,0,2,1,0,1,1,0,1,1
12,797.0,4,3,33,1,2,3,1,6,4,3,0,2,1,0,1,3,0,1,0
36,9398.0,1,4,28,1,1,0,3,9,2,2,2,2,0,1,2,0,1,1,0
12,685.0,2,3,25,1,1,0,3,4,2,1,2,2,0,0,1,3,0,1,0
24,4241.0,1,4,36,3,1,0,4,0,2,0,3,2,3,1,1,3,1,1,0
24,5743.0,2,4,24,2,1,0,1,2,2,2,0,2,2,1,0,1,1,1,1
21,2606.0,4,4,28,1,1,1,3,6,2,2,0,2,1,1,2,0,1,1,1
12,902.0,4,4,21,1,1,1,3,8,2,1,2,2,1,1,2,1,0,1,0
12,1092.0,4,4,49,2,1,0,3,6,2,0,0,1,3,1,1,1,1,1,1
36,2225.0,4,4,57,2,1,0,2,4,2,3,3,2,2,0,0,1,1,1,0
24,1282.0,4,2,32,1,1,1,3,6,0,0,0,2,0,1,1,3,0,1,0
36,10974.0,4,2,26,2,1,3,3,3,2,4,0,2,0,1,1,0,1,1,0
6,1382.0,1,1,28,2,1,3,1,6,2,0,0,2,0,1,1,1,1,1,1
8,760.0,4,2,44,1,1,0,3,6,2,1,0,1,3,1,1,3,0,1,1
9,1364.0,3,4,59,1,1,1,3,6,2,1,3,2,3,1,1,1,0,1,1
30,5771.0,4,2,25,2,1,3,1,6,2,1,0,2,0,1,1,1,0,1,1
12,996.0,4,4,23,2,1,3,1,7,4,1,0,2,3,1,1,1,0,1,1
6,1343.0,1,4,46,2,2,2,1,4,2,3,3,2,3,1,1,1,0,0,1
6,1743.0,1,2,34,2,1,3,2,0,0,0,3,2,3,1,1,3,0,1,1
12,2366.0,3,3,36,1,1,0,1,4,1,1,1,2,0,1,1,0,1,1,1
18,6761.0,2,4,68,2,1,3,3,4,4,0,3,2,0,1,2,1,0,1,0
15,1316.0,2,2,47,2,1,3,1,6,1,0,2,2,1,1,1,3,0,1,1
12,930.0,4,4,65,4,1,3,1,6,4,3,3,2,3,1,1,1,0,1,1
12,3386.0,3,4,35,1,1,1,3,9,2,3,3,2,2,1,0,1,1,1,0
54,15945.0,3,4,58,1,1,0,4,0,2,2,3,2,2,1,2,1,1,1,0
30,4530.0,4,4,26,1,1,3,1,6,2,1,0,2,0,1,2,0,1,1,1
18,1817.0,4,2,28,2,1,3,1,3,2,0,0,2,2,1,1,1,0,1,1
36,3711.0,2,2,27,1,1,0,3,2,4,0,2,2,0,1,1,1,0,1,1
6,3384.0,1,4,44,1,1,1,1,3,2,0,1,2,3,1,2,0,1,1,0
15,3959.0,3,2,29,1,1,1,3,4,2,0,0,2,1,1,1,1,1,1,0
12,701.0,4,2,32,2,1,3,1,2,2,0,3,2,0,1,1,1,0,1,1
18,7511.0,1,4,51,1,2,1,3,9,4,3,3,2,1,1,0,1,1,1,0
11,1154.0,4,4,57,3,1,3,1,6,0,4,0,2,3,1,1,3,0,1,1
48,7685.0,2,4,37,1,1,1,0,0,2,1,0,1,0,1,2,1,0,1,0
36,5711.0,4,2,38,2,1,3,1,9,3,3,3,2,0,1,1,0,1,1,1
6,343.0,4,1,27,1,1,1,3,1,2,2,0,2,3,1,1,1,0,1,1
24,3349.0,4,4,30,1,2,1,0,3,1,2,3,2,2,1,0,1,1,1,0
15,1829.0,4,4,46,2,1,3,1,6,2,3,3,2,0,1,1,1,1,1,1
18,1028.0,4,3,36,2,1,3,1,4,2,0,0,2,3,1,1,1,0,1,1
24,1597.0,4,4,54,2,2,3,1,2,2,3,3,2,2,1,0,1,0,1,1
16,2625.0,2,4,43,1,1,1,1,4,2,3,3,1,1,0,2,1,1,1,0
4,1544.0,2,1,42,3,2,3,1,6,2,1,3,2,3,1,1,3,0,1,1
10,2241.0,1,3,48,2,2,1,1,4,2,2,3,2,3,1,2,3,0,0,1
12,3124.0,1,3,49,2,2,0,1,4,2,2,3,2,3,0,1,3,0,1,1
60,10144.0,2,4,21,1,1,3,3,6,0,1,0,2,3,1,1,1,1,1,1
14,8978.0,1,4,45,1,1,1,3,4,2,3,1,2,1,1,1,0,1,0,0
12,951.0,4,4,27,4,1,0,3,3,0,2,0,2,0,0,2,1,0,1,0
27,5293.0,2,4,50,2,1,1,4,0,2,4,3,2,1,2,1,1,1,1,0
9,1980.0,2,2,19,2,1,3,3,3,2,2,0,0,0,1,2,1,0,1,0
12,776.0,4,2,28,1,1,3,3,6,2,0,2,2,3,1,1,1,0,1,1
12,804.0,4,4,38,1,1,3,3,6,2,3,3,2,0,1,1,1,0,1,1
12,2096.0,2,3,49,1,2,3,1,2,2,1,3,2,3,1,1,3,0,1,1
10,1597.0,3,2,40,1,2,3,3,4,1,0,3,2,2,1,2,3,0,0,1
36,2273.0,3,1,32,2,2,0,3,2,2,1,3,2,0,1,1,1,0,1,1
4,3380.0,1,1,37,1,2,3,1,4,2,1,0,2,3,1,1,1,0,1,1
6,1361.0,2,4,40,1,2,1,1,4,2,2,3,2,3,1,1,3,0,0,1
12,1555.0,4,4,55,2,2,3,2,7,3,3,3,2,2,1,0,1,0,1,0
24,1258.0,4,1,25,1,1,3,3,0,2,1,3,2,3,1,1,1,1,1,1
6,1050.0,4,1,35,2,1,0,2,3,2,4,3,2,1,2,1,0,1,1,1
12,2247.0,2,2,36,2,1,2,2,4,2,0,0,2,0,2,1,1,1,1,1
15,1213.0,4,3,47,1,1,3,3,6,1,3,3,2,1,2,1,1,1,1,1
36,1842.0,4,4,34,1,1,1,3,4,2,2,0,2,0,1,1,1,1,1,0
24,1743.0,4,2,48,2,1,0,1,6,2,3,3,2,1,1,1,3,0,1,1
36,9629.0,4,4,24,2,1,1,1,9,2,1,3,2,0,1,1,1,1,1,0
12,1860.0,4,2,34,2,1,0,1,9,2,4,3,2,0,1,1,0,1,1,1
36,5742.0,2,2,31,2,1,3,3,0,0,1,3,2,0,1,1,1,1,1,1
24,3235.0,3,2,26,1,1,3,3,6,1,3,1,2,0,1,1,0,1,1,1
36,6304.0,4,4,36,2,1,3,1,0,4,3,3,2,3,1,1,1,0,1,1
27,5190.0,4,4,48,4,2,3,3,7,4,3,3,2,1,1,1,1,1,1,1
15,1537.0,4,4,50,2,1,0,1,6,4,3,3,1,3,1,1,1,1,1,1
18,2404.0,2,2,26,2,1,3,1,6,2,0,0,2,0,1,1,1,0,1,1
6,368.0,4,4,38,1,1,0,3,6,4,3,3,2,1,1,1,1,0,1,1
21,3652.0,2,3,27,2,1,0,1,0,2,1,3,2,1,1,1,1,0,1,1
39,4933.0,2,2,25,2,1,0,1,6,2,1,3,1,3,1,1,1,0,1,0
60,9157.0,2,2,27,1,1,0,2,6,4,0,3,2,2,1,0,0,0,1,1
24,1965.0,4,4,42,2,1,0,2,4,4,0,0,2,0,1,2,1,1,1,1
12,707.0,4,2,30,2,1,3,3,6,2,0,3,2,3,0,1,1,0,1,1
24,3234.0,4,4,23,1,1,1,3,3,2,2,0,2,3,1,2,3,1,1,0
42,3965.0,4,3,34,1,1,1,3,6,2,2,3,2,0,1,1,1,0,1,0
6,14896.0,1,4,68,1,1,1,3,4,2,3,3,2,2,0,1,0,1,1,0
18,1928.0,2,2,31,2,1,0,1,3,2,2,3,2,3,1,1,3,0,1,0
21,1602.0,4,3,30,2,1,1,1,4,2,3,2,2,0,1,1,1,1,1,1
12,1082.0,4,4,48,2,1,1,4,4,2,0,3,2,0,0,1,1,0,1,0
18,629.0,4,3,32,2,1,3,1,6,1,3,3,2,1,0,1,0,1,1,1
24,1355.0,3,4,25,1,1,0,3,4,2,2,0,2,0,1,1,3,1,1,0
36,8335.0,3,4,47,1,1,1,3,9,4,3,3,2,2,1,0,1,0,1,0
12,709.0,4,4,57,1,1,1,3,6,2,3,3,2,3,2,1,3,0,1,0
15,1403.0,2,4,28,1,1,1,3,4,2,0,0,2,0,1,2,1,0,1,1
24,4110.0,3,4,23,2,2,1,4,3,2,3,3,2,2,0,2,1,0,1,0
15,2788.0,2,3,24,2,1,3,1,3,2,1,0,0,0,0,1,1,0,1,1
24,1413.0,4,2,28,1,1,3,3,6,2,0,2,2,1,1,1,1,0,1,1
36,3249.0,2,4,39,1,2,1,3,4,2,1,3,2,2,0,0,0,1,1,1
9,3195.0,1,2,33,1,1,0,3,4,4,0,0,2,3,1,1,3,0,1,1
18,2662.0,4,3,32,1,1,3,3,4,4,1,3,2,1,1,1,1,0,0,1
12,2149.0,4,1,29,1,1,1,0,6,2,0,1,2,2,1,0,1,0,1,0
12,3565.0,2,1,37,2,2,3,1,2,4,2,3,2,1,1,1,3,0,1,1
12,1282.0,2,4,20,1,1,1,3,3,2,0,0,2,0,1,2,1,0,1,0
60,10366.0,2,4,42,1,1,3,3,4,2,3,3,2,1,1,1,0,1,1,1
27,3915.0,4,2,36,1,2,0,3,0,2,0,3,2,0,1,1,1,1,1,0
27,2528.0,4,1,32,1,2,0,3,0,2,2,0,2,1,1,1,1,1,1,1
18,1295.0,4,1,27,2,1,0,1,3,2,2,0,2,1,1,1,1,0,1,1
30,3496.0,4,2,34,1,2,0,0,3,3,0,3,2,0,2,1,1,1,1,1
24,1285.0,4,4,32,1,1,1,3,4,4,1,0,2,2,1,2,1,0,1,0
15,2728.0,4,2,35,3,1,0,1,6,4,1,3,1,3,0,1,1,1,1,1
12,1076.0,2,2,26,1,1,3,3,0,2,0,2,2,3,1,1,1,1,0,1
18,3049.0,1,1,45,1,1,2,3,3,2,2,0,2,1,2,1,3,0,1,1
48,14421.0,2,2,25,1,1,0,4,0,2,0,3,2,0,1,1,1,1,1,0
6,1352.0,1,2,23,1,1,1,3,9,1,4,0,2,1,1,2,2,1,1,1
36,15857.0,2,3,43,1,1,1,3,5,2,4,1,0,0,1,1,0,0,1,1
12,766.0,4,3,66,1,1,0,3,6,1,0,3,2,3,1,1,3,0,1,0
21,1591.0,4,3,34,2,1,3,2,3,0,1,3,2,3,1,1,0,0,1,1
22,2675.0,3,4,40,1,1,3,3,6,1,3,3,2,0,1,1,1,0,1,1
24,3430.0,3,2,31,1,2,3,3,6,1,3,3,2,0,1,1,1,1,1,1
6,1204.0,4,1,35,1,1,3,4,4,0,0,3,2,2,0,2,1,0,0,1
24,2397.0,3,2,35,2,1,3,3,6,1,3,3,2,0,0,1,1,1,1,0
14,1410.0,1,2,35,1,1,0,3,0,1,3,2,2,3,1,1,1,1,1,1
48,3060.0,4,4,28,2,1,0,3,6,2,1,3,2,3,1,1,1,0,1,0
24,2284.0,4,2,28,1,1,3,3,6,2,1,3,2,0,1,1,1,1,1,1
6,931.0,1,1,32,1,1,0,0,4,0,2,0,2,1,2,1,3,0,1,0
6,753.0,2,3,64,1,1,0,3,6,2,0,0,1,3,1,1,1,0,1,1
20,6148.0,3,4,31,2,1,0,4,9,0,3,2,2,0,0,1,1,1,1,1
48,15672.0,2,2,23,1,1,0,3,0,2,0,3,2,0,1,1,1,1,1,0
10,1225.0,2,2,37,1,1,2,3,1,2,0,3,2,0,1,1,1,1,1,1
6,1299.0,1,1,74,3,2,2,1,4,2,0,3,2,3,1,1,2,0,0,1
24,1201.0,4,1,26,1,1,0,3,4,2,2,3,2,1,1,1,1,0,1,1
10,7308.0,2,4,70,1,1,0,3,4,2,4,3,2,2,0,0,0,1,1,1
18,2515.0,3,4,43,1,1,3,3,3,2,0,3,2,3,1,1,1,1,1,1
24,3972.0,2,4,25,1,1,3,3,3,2,1,0,2,1,1,2,1,1,1,1
6,666.0,3,4,39,2,1,1,1,4,3,1,0,2,3,1,1,3,1,1,1
12,1498.0,4,1,23,1,1,1,3,6,2,0,0,2,0,0,1,1,0,1,1
15,2687.0,2,4,26,1,1,2,3,0,2,1,3,2,1,1,2,1,1,1,1
10,3949.0,1,1,37,1,2,2,3,4,2,2,3,1,1,1,1,3,0,1,1
24,3621.0,2,4,31,2,1,3,3,6,0,3,3,2,0,1,1,1,0,1,0
36,5848.0,4,1,24,1,1,2,3,6,2,0,3,2,0,1,1,1,0,1,1
15,1386.0,4,2,40,1,1,3,3,6,4,0,2,2,3,1,2,1,1,1,1
60,6836.0,3,4,63,2,1,1,2,0,2,3,3,2,2,1,1,1,1,1,0
13,2101.0,2,4,23,1,1,0,3,6,2,2,0,1,1,1,1,3,0,1,1
12,3399.0,2,3,37,1,1,2,3,6,4,3,3,2,0,1,1,0,0,1,1
10,1038.0,4,3,49,2,1,1,1,4,2,1,3,0,1,1,1,1,1,1,1
24,3868.0,4,2,41,2,1,3,1,9,2,3,0,2,0,1,2,0,1,1,1
12,1107.0,2,2,20,1,2,1,3,6,2,0,3,2,3,1,2,0,1,1,1
12,2579.0,4,1,33,1,2,1,3,4,2,2,3,2,3,1,1,3,0,1,0
24,2957.0,4,4,63,2,1,1,1,9,2,3,3,2,1,1,1,1,1,1,1
21,5248.0,1,3,26,1,1,3,3,9,4,0,3,2,0,1,1,1,0,1,1
30,2522.0,1,3,39,1,2,1,3,6,2,3,3,1,1,1,1,1,0,1,1
45,11816.0,2,4,29,2,1,1,4,0,2,3,3,2,0,1,2,1,0,1,0
18,1887.0,4,4,28,2,1,0,1,0,4,0,2,2,3,0,1,1,0,1,1
36,5493.0,2,4,42,1,2,1,3,9,2,3,3,2,2,1,0,1,0,1,1
12,682.0,4,3,51,2,1,3,1,4,0,1,0,2,0,1,1,1,1,1,1
36,3959.0,4,3,30,1,1,1,3,3,2,4,3,2,1,1,1,0,1,1,1
18,1216.0,4,3,23,1,1,1,3,4,2,2,0,2,0,1,2,1,1,1,0
12,1240.0,4,2,38,2,1,3,1,6,4,3,0,2,3,1,1,1,1,1,1
15,3368.0,3,4,23,2,1,3,1,9,3,3,3,2,2,1,2,1,1,1,1
15,1905.0,4,4,40,1,1,2,3,2,2,3,3,2,0,1,2,0,1,1,1
36,2613.0,4,2,27,2,1,3,4,7,2,0,3,2,0,1,1,1,0,1,1
18,6070.0,3,4,33,2,1,3,1,6,2,3,3,2,0,1,1,1,1,1,1
12,1158.0,3,1,26,1,1,0,3,6,1,0,1,2,0,1,1,1,1,1,1
6,1221.0,1,2,27,2,1,3,1,3,4,0,2,2,1,1,1,1,0,1,1
36,3349.0,4,2,28,1,1,3,3,3,2,0,0,2,0,1,1,0,1,1,0
10,1275.0,4,2,23,1,1,2,3,3,2,2,0,2,1,1,1,1,0,1,1
6,1957.0,1,4,31,1,1,1,1,6,2,1,0,2,0,1,1,1,0,1,1
8,3398.0,1,4,39,2,1,1,1,4,2,1,3,2,3,1,1,3,0,0,1
12,1893.0,4,4,29,1,1,1,3,4,2,0,0,1,1,1,1,1,1,1,1
15,2186.0,1,4,33,1,1,3,3,3,4,1,0,2,3,0,2,3,0,1,1
18,12976.0,3,4,38,1,1,0,3,9,2,4,0,2,2,1,0,0,1,1,0
30,4583.0,2,2,32,2,1,1,4,3,2,0,1,1,3,1,1,1,0,1,1
18,4297.0,4,3,40,1,1,0,2,3,2,3,1,2,2,1,1,0,1,1,0
30,2333.0,4,2,30,1,1,3,3,6,1,3,3,2,0,0,1,0,0,1,1
12,1330.0,4,1,26,1,1,2,3,4,2,2,3,2,3,1,1,1,0,1,1
42,6289.0,2,1,33,2,1,2,4,0,2,2,1,2,1,1,1,1,0,1,1
30,3832.0,2,1,22,1,1,0,3,3,2,2,2,2,1,1,1,1,0,1,1
24,1371.0,4,4,25,1,1,1,3,4,4,0,0,2,3,1,2,1,0,1,0
6,700.0,4,4,36,2,1,3,1,6,4,3,3,2,2,1,0,1,0,1,1
12,983.0,1,4,19,1,1,0,3,3,3,2,0,2,3,1,2,3,0,1,1
27,8318.0,2,4,42,2,1,0,4,0,2,3,0,2,2,1,0,0,1,1,0
24,1249.0,4,2,28,1,1,3,3,4,2,2,2,2,3,1,1,1,0,1,1
7,730.0,4,2,46,2,1,3,1,6,4,3,3,2,1,1,2,3,1,1,1
12,3077.0,2,4,52,1,1,3,3,6,2,0,3,2,0,1,1,1,1,1,1
42,7174.0,4,3,30,1,1,1,3,6,4,1,0,2,0,1,1,0,1,1,0
30,4249.0,4,2,28,2,1,0,1,4,2,4,2,2,0,1,1,0,0,1,0
24,4526.0,3,2,74,1,1,3,1,0,2,0,3,2,3,1,1,0,1,1,1
30,2150.0,4,2,24,1,1,0,3,4,2,0,0,1,2,0,1,1,0,1,0
24,1358.0,4,3,40,1,1,1,0,5,4,3,3,2,0,2,1,0,1,1,0
10,1418.0,3,2,35,1,1,3,3,4,0,0,3,2,3,1,2,3,0,0,1
15,2326.0,2,4,27,1,1,0,1,0,1,0,3,2,0,0,1,1,0,1,1
24,3878.0,4,2,37,1,1,0,1,4,0,2,1,2,0,1,1,1,1,1,1
30,4221.0,2,1,28,2,1,0,4,0,2,0,0,2,0,1,1,1,0,1,1
9,1422.0,3,2,27,1,1,1,3,4,2,2,3,2,2,1,0,0,1,1,0
10,1546.0,3,2,31,1,2,3,3,4,2,0,3,2,3,1,1,3,0,0,1
18,3244.0,1,4,33,2,1,0,4,3,2,0,0,2,0,0,1,1,1,1,1
42,4370.0,3,2,26,2,2,1,2,6,2,1,3,2,1,0,1,1,1,1,0
30,7596.0,1,4,63,2,1,3,1,9,4,3,3,2,0,1,1,1,0,1,1
24,2924.0,3,4,63,1,2,1,3,9,2,0,3,1,2,0,1,1,1,1,1
36,8947.0,3,2,31,1,2,3,2,9,4,1,3,2,0,2,1,0,1,1,1
12,795.0,4,4,53,1,1,1,3,2,2,2,0,2,1,1,1,1,0,1,0
6,454.0,3,1,22,1,1,0,3,7,2,2,2,2,1,1,1,3,0,1,1
33,7253.0,3,2,35,2,1,3,1,9,2,1,3,2,0,1,1,0,1,1,1
21,2745.0,3,2,32,2,1,0,1,3,3,1,3,2,0,1,1,1,1,1,1
6,1338.0,1,4,62,1,1,3,3,1,1,0,1,2,3,1,1,1,0,1,1
24,2835.0,3,4,53,1,1,3,3,3,1,3,3,2,1,1,1,1,0,1,1
12,3017.0,3,1,34,1,1,0,3,3,2,2,0,2,3,1,2,0,0,1,1
12,926.0,1,2,38,1,1,3,1,4,2,4,0,2,1,1,1,2,0,1,1
6,1238.0,4,4,36,1,2,3,3,8,4,4,3,2,1,1,1,0,1,1,1
18,1582.0,4,4,46,2,1,3,1,6,3,3,3,2,0,1,1,1,0,1,1
6,448.0,4,4,23,1,1,1,3,2,2,2,0,2,1,1,1,1,0,1,0
24,999.0,4,2,25,2,1,3,3,6,4,3,3,2,0,1,1,1,0,1,1
12,1567.0,1,1,22,1,1,0,3,6,2,0,0,2,0,1,1,1,1,1,1
6,1554.0,1,2,24,2,1,3,1,6,2,1,0,2,0,1,2,1,1,1,1
24,5511.0,4,1,25,1,1,3,3,3,0,0,3,2,0,2,1,1,0,1,1
45,4576.0,3,4,27,1,1,0,1,9,0,4,3,2,0,1,1,1,0,1,1
12,2002.0,3,4,30,1,2,0,3,4,2,1,3,2,1,1,2,1,1,1,1
12,697.0,4,2,46,2,1,1,0,4,2,2,3,2,0,0,1,1,1,1,0
24,2463.0,4,3,27,2,1,3,1,4,0,1,2,2,1,1,1,1,1,1,1
36,11054.0,4,2,30,1,1,3,1,9,4,0,3,2,0,1,1,0,1,1,1
12,719.0,4,4,41,1,2,3,3,2,2,3,3,2,0,0,1,3,0,1,0
12,3527.0,2,3,45,1,2,3,3,4,4,2,3,2,1,1,1,0,1,1,1
36,9566.0,2,2,31,2,1,3,1,6,2,0,0,2,0,2,1,1,0,1,1
36,8065.0,3,2,25,2,1,1,1,2,2,0,0,2,2,1,1,0,1,1,0
15,3186.0,2,3,20,1,1,3,3,4,3,1,0,2,0,1,2,1,0,1,1
12,1101.0,3,2,27,2,1,3,3,4,2,0,2,2,3,1,1,1,1,1,1
10,2315.0,3,4,52,1,1,1,3,6,2,3,3,2,3,1,1,3,0,1,1
24,11938.0,2,3,39,2,2,0,1,5,2,0,3,0,0,1,1,0,1,1,0
6,590.0,3,3,26,1,1,0,3,6,2,2,2,2,3,1,1,3,0,0,1
48,3979.0,4,1,41,2,2,0,3,6,4,1,3,2,0,1,1,1,1,1,1
24,3749.0,2,4,26,1,1,2,3,3,2,2,0,2,0,1,1,1,0,1,1
12,3573.0,1,1,23,1,1,0,1,6,2,0,0,2,3,1,1,3,0,1,1
15,5045.0,1,4,59,1,1,3,1,4,4,3,0,2,0,1,1,1,1,1,1
21,3414.0,2,1,26,2,1,1,2,2,2,2,3,2,1,1,1,1,0,1,0
12,2122.0,3,2,39,2,2,1,1,4,2,0,3,2,3,1,2,3,0,0,1
28,4006.0,3,2,45,1,1,1,3,4,2,0,3,2,0,1,1,3,0,1,0
12,701.0,4,2,40,1,1,1,3,6,2,0,2,2,3,1,1,3,0,1,1
9,918.0,4,1,30,1,1,0,3,3,2,0,0,2,1,1,1,1,0,1,0
12,2762.0,1,2,25,1,1,0,3,3,4,3,0,2,1,0,1,1,1,1,0
6,1872.0,4,4,36,3,1,1,1,3,2,4,3,2,2,1,0,0,1,1,1
24,2892.0,3,4,51,1,1,2,3,3,2,3,1,2,2,1,0,1,0,1,1
18,1473.0,3,4,39,1,1,3,3,6,2,2,2,2,3,1,1,1,1,1,1
36,7980.0,4,4,27,2,1,3,2,0,4,2,3,2,0,1,2,1,1,1,0
18,1924.0,4,3,27,1,1,0,3,3,4,2,0,2,3,1,2,1,0,1,0
30,10623.0,3,4,38,3,2,1,1,9,2,3,3,2,2,1,0,0,1,1,1
18,884.0,4,4,36,1,2,0,1,4,2,3,3,2,0,0,1,1,1,1,0
12,1264.0,4,4,57,1,1,3,1,0,4,3,3,2,2,1,2,3,0,1,1
48,18424.0,1,2,32,1,1,0,4,5,2,0,0,2,1,0,1,0,1,0,0
6,3676.0,1,3,37,3,2,1,1,4,2,0,3,2,3,1,2,1,0,1,1
24,3069.0,4,4,30,1,1,0,3,3,0,3,3,2,2,1,0,1,0,1,1
15,3568.0,4,2,54,1,1,3,3,6,2,3,0,2,0,0,2,0,1,1,1
48,9960.0,1,2,26,1,1,0,3,3,2,2,0,2,0,1,1,1,1,1,0
24,4736.0,2,4,25,1,1,0,1,3,2,2,0,2,0,0,1,3,0,1,0
36,14318.0,4,2,57,1,1,0,3,4,2,3,3,2,2,1,0,0,1,1,0
6,250.0,2,2,41,2,1,3,1,4,3,0,0,2,3,0,1,3,0,1,1
18,1442.0,4,4,32,2,2,1,0,4,2,1,3,2,2,1,0,3,0,1,0
12,888.0,4,4,41,1,2,0,3,4,2,3,3,2,0,0,1,3,0,1,0
15,802.0,4,3,37,1,2,0,3,6,2,3,3,2,0,1,1,1,0,1,0
24,1935.0,4,4,31,2,1,0,1,0,2,3,1,2,3,1,1,1,1,1,0
36,2862.0,4,3,30,1,1,0,2,4,0,3,3,2,2,1,0,1,0,1,1
24,2611.0,4,3,46,2,1,3,1,6,2,3,2,0,3,1,1,1,0,1,1
4,601.0,1,3,23,1,2,3,3,3,2,2,0,2,3,1,2,3,0,1,1
12,2121.0,4,2,30,2,1,1,1,4,2,0,3,2,1,1,1,1,0,1,1
6,6761.0,1,3,45,2,2,3,1,4,2,1,3,2,2,1,1,0,1,1,1
24,6872.0,2,1,55,1,1,1,0,3,2,2,1,2,1,0,1,1,1,1,0
12,1262.0,2,4,49,1,1,1,3,3,4,3,1,2,1,1,1,3,1,1,1
18,1880.0,4,1,32,2,1,1,1,6,2,1,2,2,1,1,1,0,1,1,1
12,1526.0,4,4,66,2,1,1,1,9,2,3,3,2,2,1,0,0,0,1,1
6,2647.0,2,3,44,1,2,1,3,6,1,0,3,2,3,1,2,1,0,1,1
24,3092.0,3,2,22,1,1,0,3,6,0,2,2,2,0,1,2,1,1,1,0
48,3609.0,1,1,27,1,1,3,0,0,2,0,0,2,3,2,1,1,0,1,1
4,1455.0,2,1,42,3,2,3,1,4,2,1,3,2,3,1,1,3,0,1,1
15,1979.0,4,2,35,1,1,3,3,6,4,3,3,2,0,1,1,1,0,1,1
12,2390.0,4,3,50,1,1,3,3,4,4,3,3,2,0,1,1,1,1,1,1
24,5433.0,2,4,26,1,1,3,3,9,4,4,0,2,1,1,2,0,1,1,1
18,1131.0,4,2,33,1,1,1,3,3,2,4,0,2,0,1,1,1,0,1,0
36,909.0,4,4,36,1,1,3,3,4,1,3,3,2,1,1,1,1,0,1,1
9,1449.0,3,2,27,2,1,3,3,0,2,1,0,2,0,1,1,1,0,1,1
18,1808.0,4,1,22,1,1,3,2,3,2,1,0,2,3,1,1,1,0,1,0
36,2348.0,3,2,46,2,1,1,1,3,2,0,2,2,1,1,1,1,1,1,1
20,2212.0,4,4,39,1,1,1,3,3,4,1,3,2,0,1,1,1,1,1,1
15,2327.0,2,3,25,1,1,2,3,6,2,2,0,2,3,1,1,3,0,1,0
24,1376.0,4,1,28,1,1,3,3,6,1,1,0,2,0,1,1,1,0,1,1
36,1819.0,4,4,37,1,1,3,3,2,2,0,3,2,2,2,0,1,1,1,0
6,1449.0,1,2,31,2,2,0,2,0,0,3,1,2,0,0,1,1,0,1,1
36,3835.0,2,4,45,1,1,3,3,6,4,3,0,2,3,1,1,3,1,1,1
30,3656.0,4,4,49,2,1,2,1,6,4,3,3,2,1,2,1,3,0,1,1
7,2576.0,2,2,35,1,1,0,3,6,2,0,3,1,3,1,1,1,0,1,1
18,1505.0,4,2,32,1,1,3,3,6,2,0,3,2,2,1,0,0,1,1,1
45,3031.0,4,4,21,1,1,0,3,6,0,0,3,1,1,1,2,1,0,1,0
48,10297.0,4,4,39,3,2,1,3,9,2,1,3,2,2,2,0,1,1,1,0
7,2329.0,1,1,45,1,1,0,3,6,2,2,0,1,3,1,1,1,0,1,1
36,9055.0,2,4,35,1,2,3,3,2,4,0,3,2,2,1,0,3,1,1,1
18,1239.0,4,4,61,1,1,0,3,2,4,0,3,2,2,1,0,1,0,1,1
27,3416.0,3,2,27,1,1,1,3,6,2,0,3,2,0,1,1,0,0,1,1
10,727.0,4,4,46,1,1,3,3,2,1,3,3,2,2,1,0,1,1,1,1
18,1217.0,4,3,47,1,1,1,3,1,2,0,2,2,3,1,1,3,1,1,0
36,10875.0,2,2,45,2,2,3,2,4,2,3,3,2,0,1,1,1,1,1,1
12,2930.0,2,1,27,1,1,0,3,6,2,1,0,2,3,1,1,1,0,1,1
12,1935.0,4,4,43,3,1,3,1,3,2,3,3,2,3,1,1,1,1,1,1
24,2375.0,4,2,44,2,2,3,2,0,1,0,3,2,0,1,1,1,1,1,1
48,4788.0,4,3,26,1,2,1,3,9,2,1,3,2,1,1,1,1,0,1,1
24,1938.0,4,3,32,1,1,1,3,6,2,2,1,2,1,1,1,1,0,1,0
9,1126.0,2,4,49,1,1,2,3,6,0,3,1,2,3,1,1,1,0,1,1
6,609.0,4,3,37,2,1,1,1,4,2,1,0,2,1,1,1,1,0,0,1
11,1577.0,4,1,20,1,1,0,3,3,3,2,0,2,3,1,1,1,0,1,1
24,2670.0,4,4,35,1,1,3,3,9,2,3,3,2,0,1,1,0,1,1,1
18,1345.0,4,3,26,1,1,1,3,6,2,0,2,2,3,0,1,1,0,1,0
6,1198.0,4,4,35,1,1,1,0,2,2,3,0,2,2,1,0,1,0,1,0
12,585.0,4,4,20,2,1,0,2,6,2,0,2,0,3,1,2,1,0,1,1
12,1480.0,2,4,66,3,1,2,1,4,1,4,3,2,2,0,0,2,0,1,1
6,1538.0,1,2,56,1,1,3,3,2,2,2,0,2,2,1,1,1,0,1,1
36,2820.0,4,4,27,2,1,0,1,4,2,2,1,2,0,1,1,1,0,1,0
18,4439.0,1,1,33,1,1,0,3,0,2,3,3,0,3,0,1,0,1,1,1
48,6758.0,3,2,31,1,1,1,3,6,2,0,0,2,0,1,1,1,1,1,0
24,11328.0,2,3,29,2,1,0,3,5,2,0,3,0,0,0,1,0,1,1,0
8,731.0,4,4,47,2,1,1,1,4,2,3,3,2,3,1,1,3,0,1,1
6,484.0,3,3,28,1,1,0,3,6,2,1,2,1,3,0,1,3,0,1,1
12,1185.0,3,2,27,2,1,3,1,0,2,0,0,2,3,1,1,1,0,1,1
15,1360.0,4,2,31,2,1,3,1,6,2,0,3,2,1,1,1,1,0,1,1
48,5381.0,3,4,40,1,1,0,3,5,4,4,3,2,2,0,0,2,1,1,1
12,2748.0,2,4,57,3,1,3,1,2,2,3,0,2,2,0,0,3,0,1,1
4,1494.0,1,2,29,1,2,2,3,4,4,2,3,2,3,1,1,3,0,0,1
21,3275.0,1,4,36,1,1,3,1,9,2,3,3,2,0,1,1,0,1,1,1
24,9277.0,2,4,48,1,1,3,3,9,4,0,1,2,2,1,0,1,1,1,1
24,2978.0,4,4,32,2,2,3,2,0,4,0,3,2,3,1,1,1,1,1,1
24,5150.0,4,4,33,1,1,3,1,3,2,3,3,2,0,1,1,1,1,1,1
18,750.0,4,1,27,1,1,1,3,2,2,4,0,2,3,1,1,2,0,1,0
9,2118.0,2,2,37,1,2,0,3,6,2,0,3,2,3,1,1,3,0,1,1
12,1934.0,2,2,26,2,1,3,1,6,2,3,3,2,2,1,1,1,0,1,1
24,2964.0,4,4,49,1,2,1,3,9,4,3,3,2,2,0,0,1,1,1,1
12,639.0,4,2,30,1,1,0,3,7,2,0,3,2,0,1,1,1,0,1,0
45,4746.0,4,2,25,2,1,0,1,6,2,2,3,2,1,1,1,3,0,1,0
24,947.0,4,3,38,1,2,2,3,4,2,1,3,2,2,0,0,1,0,1,0
48,3578.0,4,1,47,1,1,3,1,6,4,3,3,2,3,1,1,1,1,1,1
48,3051.0,3,4,54,1,1,1,3,1,2,0,3,2,0,1,1,1,0,1,0
18,3650.0,1,4,22,1,1,1,3,3,2,2,0,2,0,1,2,1,0,1,1
12,385.0,4,3,58,4,1,1,1,6,2,1,0,2,3,1,1,3,1,1,1
10,2069.0,2,1,26,2,1,3,1,3,4,0,2,2,0,1,1,1,0,0,1
24,4870.0,3,4,53,2,2,1,2,4,2,0,3,2,2,1,0,1,0,1,0
12,5801.0,2,4,49,1,1,3,1,3,4,3,3,2,1,1,2,1,1,1,1
24,4042.0,3,4,43,2,1,3,1,9,4,1,3,2,1,1,1,1,1,1,1
6,14555.0,1,2,23,1,1,0,3,4,4,4,3,2,1,1,1,2,1,1,0
12,1736.0,3,4,31,1,1,3,3,3,2,1,0,2,3,1,1,3,0,1,1
15,1569.0,4,4,34,1,2,3,0,6,0,3,3,2,0,0,1,3,0,1,1
9,2799.0,2,2,36,2,2,1,1,4,2,0,3,2,3,1,2,1,0,1,1
10,2901.0,1,4,31,1,1,3,3,9,4,2,0,2,3,1,2,1,0,1,1
24,3512.0,2,3,38,2,1,0,3,4,0,1,3,2,0,0,1,1,1,1,1
48,12749.0,4,1,37,1,1,3,2,6,1,1,3,2,0,1,1,0,1,1,1
6,1209.0,4,4,47,1,1,0,2,4,2,4,3,2,1,1,1,0,1,1,0
12,3016.0,3,1,24,1,1,2,3,6,2,0,2,2,0,1,1,1,0,1,1
12,652.0,4,4,24,1,1,1,3,3,2,3,0,2,1,1,2,1,0,1,1
36,4686.0,2,2,32,1,1,3,3,9,2,0,3,2,2,1,0,0,1,1,1
18,1530.0,3,2,32,2,1,3,1,4,2,0,3,2,1,0,1,1,0,1,0
20,4272.0,1,4,24,2,1,1,1,3,2,3,0,2,1,1,1,1,0,1,1
12,958.0,2,3,47,2,2,0,1,4,2,1,3,2,3,1,1,3,0,1,1
48,3914.0,4,2,38,1,1,3,3,0,4,0,1,2,3,0,1,1,0,1,0
18,7374.0,4,4,40,2,1,0,1,3,2,4,3,2,1,2,1,0,1,1,1
12,625.0,4,1,26,1,1,0,3,6,2,2,2,1,3,0,1,3,0,1,1
48,10222.0,4,3,37,1,1,3,3,6,4,1,3,2,0,2,1,1,1,1,1
48,3931.0,4,4,46,1,2,1,3,4,2,1,3,2,2,1,0,1,0,1,0
48,6110.0,1,3,31,1,1,3,1,2,2,0,3,2,2,0,0,1,1,1,1
18,1941.0,4,2,35,1,1,0,3,0,3,0,3,2,1,1,1,3,1,1,1
12,1963.0,4,2,31,2,2,3,3,6,2,1,3,2,0,1,2,0,1,1,1
24,4113.0,3,4,28,1,1,0,3,9,1,2,0,2,0,1,2,1,0,1,0
36,4463.0,4,2,26,2,1,3,2,6,2,0,3,2,0,1,1,0,1,1,0
6,2080.0,1,2,24,1,1,3,1,4,1,0,2,2,0,1,1,1,0,1,1
21,2319.0,2,1,33,1,1,2,1,2,2,2,1,2,0,1,2,1,0,1,0
18,2864.0,2,1,34,1,2,2,3,3,2,0,3,2,3,1,1,3,0,1,0
24,3777.0,4,4,50,1,1,3,1,3,3,0,3,2,3,1,1,1,1,1,1
18,2427.0,4,2,42,2,1,0,2,0,4,3,3,2,1,1,1,1,0,1,1
15,4657.0,3,2,30,1,1,3,3,9,2,0,3,2,0,1,1,1,1,1,1
24,1442.0,4,4,23,2,1,1,3,4,2,1,0,2,0,1,2,1,0,1,0
