density,pH,sulphates,alcohol,label
0.9897,3.3,0.34,12.2,False
0.9945,3.34,0.44,10.4,False
0.9998,3.37,0.38,9.6,False
0.9982,3.2,0.89,9.4,False
1.001,3.31,1.14,9.3,False
0.99297,3.13,0.36,9.7,False
0.99808,3.0,0.52,9.0,True
0.99518,3.16,0.85,11.1,False
0.9928,3.3,0.46,9.6,False
0.99596,3.26,0.54,10.5,False
0.9912,3.3,0.44,11.1,True
0.99312,3.27,0.56,10.6,False
0.9956,3.21,0.42,9.2,False
1.0006,3.28,0.75,8.8,True
0.98872,3.18,0.47,13.6,True
0.9976,3.18,0.51,9.6,False
0.9931,3.14,0.38,12.4,True
0.9901,3.22,0.95,11.6,True
1.00013,2.96,0.88,8.7,False
0.9948,3.16,0.72,10.7,True
0.99344,3.1,0.52,10.1,False
0.9939,3.01,0.46,9.0,False
0.99586,3.43,0.46,10.0,False
0.99702,3.27,0.78,10.9,False
0.9895,3.39,0.43,12.7,True
0.9973,3.32,0.81,9.6,False
0.99695,3.35,0.56,10.4,False
0.9984,3.34,0.5,9.8,False
0.99319,3.66,0.57,10.3,False
0.99074,3.32,0.53,11.8,True
0.99006,3.18,0.68,12.0,True
0.99305,3.15,0.52,11.4,True
0.99387,3.38,0.66,12.6,False
0.99188,3.15,0.36,11.45,True
0.99096,3.07,0.72,11.3,True
0.99126,3.11,0.37,11.2,True
1.0,3.06,0.44,9.1,True
0.9922,3.35,0.47,12.1,True
0.99545,3.17,0.39,10.2,False
0.99706,3.41,0.58,9.0,False
0.99176,3.05,0.52,10.9,False
0.9922,3.12,0.38,10.5,True
0.9896,3.08,0.44,12.6,True
0.9961,3.08,0.36,9.4,False
0.9905,3.25,0.36,10.9,True
0.9908,3.25,0.65,12.4,True
0.98961,3.06,0.74,11.6,False
0.99557,3.36,0.62,10.8,False
0.99058,3.11,0.75,11.3,True
0.9952,3.2,0.58,9.8,False
0.99678,3.11,0.38,10.6,False
0.9949,3.49,0.49,11.4,False
0.994,3.3,0.5,11.1,True
0.9905,3.19,0.42,12.8,False
0.99364,3.16,0.34,10.1,False
0.99732,3.33,0.78,11.0,True
0.99356,3.22,0.59,12.5,True
0.99836,3.33,0.65,10.4,False
0.9926,3.45,0.5,10.5,True
0.99545,3.23,0.52,9.3,False
0.9922,3.19,0.46,10.0,False
0.99655,3.34,0.42,10.1,False
0.99458,3.34,0.48,10.6,False
0.99807,2.94,0.41,8.8,True
0.992,3.03,0.3,11.9,True
0.9998,3.42,0.36,9.1,True
0.9993,2.94,0.48,9.2,False
0.99304,2.93,0.42,9.2,False
0.9925,3.11,0.49,11.4,True
0.99202,3.56,0.43,10.9,False
0.98952,3.32,0.6,12.5,True
0.9887,3.36,0.3,13.0,True
1.00014,3.1,0.5,9.3,True
0.9976,3.07,0.52,9.6,True
0.99312,3.09,0.25,11.1,False
0.9934,3.18,0.61,9.9,True
0.991,3.34,0.5,11.0,True
0.99274,3.1,0.43,12.1,True
0.99898,3.08,0.56,9.4,False
0.99572,3.29,0.6,9.3,False
0.9986,3.07,0.53,9.1,True
0.99056,3.29,0.46,13.0,True
0.99252,3.3,0.53,13.3,False
0.99397,3.16,0.38,10.6,True
0.9928,3.04,0.32,11.4,False
0.998,3.42,0.74,9.2,False
0.99362,2.99,0.44,11.4,False
0.99536,3.31,0.68,11.2,True
0.9989,3.18,0.64,9.1,False
0.98964,3.13,0.52,12.8,False
0.98918,3.14,0.44,12.5,False
0.99498,3.35,0.62,10.4,False
0.9932,3.02,0.4,9.0,False
0.992,3.35,0.44,10.7,True
0.9924,3.15,0.46,10.0,True
0.991,2.99,0.41,12.3,True
0.9926,3.41,0.58,12.2,True
0.99808,3.0,0.52,9.0,True
0.9976,3.07,0.52,9.6,True
0.99015,3.26,0.53,12.8,True
0.99746,3.1,0.74,9.6,False
0.99754,3.08,0.49,9.4,False
0.998,3.06,0.53,8.9,False
0.99971,2.94,0.43,9.0,True
0.9924,3.24,0.48,10.1,False
0.99884,3.05,0.53,9.1,False
0.99144,3.08,0.6,12.5,True
0.9966,3.18,0.57,9.3,False
0.99112,3.28,0.48,9.9,False
0.99124,3.2,0.42,12.2,False
0.992,3.35,0.44,10.7,True
0.9927,3.19,0.33,9.8,False
0.9956,3.13,0.34,9.4,False
0.9944,3.17,0.33,10.2,False
0.9906,3.28,0.39,12.7,True
0.99576,3.2,0.48,9.4,False
0.98975,3.3,0.84,11.9,True
0.9901,3.12,0.44,12.8933333333333,True
0.98884,3.23,0.34,13.2,True
0.9912,3.32,0.5,11.8,False
0.999,3.14,0.46,8.9,True
0.99787,3.22,0.5,10.0,False
0.9912,3.06,0.44,11.4,True
0.9948,3.16,0.51,10.2,False
0.99562,3.3,0.47,10.5,False
0.9906,3.33,0.51,11.4,True
0.9991,3.38,0.77,10.5,True
0.98876,3.16,0.4,13.4,False
0.9965,3.36,0.67,10.7,False
0.99226,3.06,0.55,12.2,False
0.9984,2.9,0.43,8.7,True
0.9898,3.42,0.64,11.8,True
0.99588,3.22,0.59,9.5,False
0.99534,3.4,0.85,11.0,True
0.9959,3.23,0.48,9.1,False
0.999,3.14,0.46,8.9,True
0.9925,3.11,0.49,11.4,True
0.9928,3.24,0.36,10.9,False
0.99568,3.35,0.52,10.0,False
0.99444,3.04,0.37,10.5,True
0.99516,3.26,0.84,11.7,True
0.9986,3.23,0.56,10.1,False
1.0,3.32,0.59,8.9,False
0.9909,3.12,0.59,10.8,False
0.99274,3.16,0.42,9.5,False
0.99606,3.34,0.6,9.7,False
0.99031,3.06,0.27,13.0,True
0.9941,3.46,0.44,10.8,True
0.99093,3.21,0.4,11.3,False
0.99434,3.14,0.71,11.8,True
0.9941,3.15,0.6,10.0,False
0.99525,3.51,0.43,10.7,False
0.9946,3.57,0.57,11.7,False
0.99782,3.14,0.4,8.8,False
0.99546,3.0,0.63,10.7,False
0.995,3.38,0.5,12.5,True
0.997,2.92,0.59,9.5,True
1.00055,3.0,0.56,8.7,False
0.9898,3.43,0.65,12.9,True
0.9968,3.23,0.38,8.5,False
0.9928,3.07,0.38,10.4,False
0.99103,3.32,0.62,11.4,False
0.9968,3.06,0.54,10.4,False
0.9936,3.19,0.43,9.1,False
0.99455,3.25,0.54,11.0,True
0.9927,3.33,0.33,10.1,True
0.99366,3.08,0.55,9.5,False
1.0,3.12,1.18,9.2,False
0.99458,3.32,0.8,11.9,True
0.9912,3.32,0.41,11.6,True
0.9913,2.95,0.36,11.4,True
0.9911,3.22,0.36,12.7,True
0.9919,3.32,0.51,10.4,True
0.99007,3.15,0.31,12.4,True
0.9915,3.24,0.34,12.5,False
0.9929,3.48,0.56,10.5,True
0.9914,2.99,0.45,11.1,False
0.9913,3.15,0.8,12.9,True
0.9979,3.03,0.38,8.6,False
0.9934,3.36,0.69,11.1,False
0.999,3.28,0.7,9.5,False
0.9924,3.23,0.57,10.6,False
0.9894,3.36,0.33,12.1,True
0.9957,3.12,0.47,9.0,False
0.99488,3.42,0.55,11.5,True
0.9909,3.27,0.34,12.6,True
0.9899,3.09,0.46,12.1,False
0.99218,3.04,0.67,10.0,False
0.9935,3.25,0.37,11.1,True
0.9917,3.29,0.67,12.8,True
0.99439,3.02,0.34,11.8,False
0.99166,3.1,0.38,10.2,False
0.9943,3.1,0.42,10.5,False
0.9898,3.29,0.42,12.4,True
0.993,3.37,0.55,10.3,True
0.99834,3.06,0.54,9.1,False
0.99634,3.07,0.59,11.0,True
0.9966,3.27,0.64,9.3,False
0.99088,3.17,0.53,13.0,True
0.98952,3.24,0.48,13.0,True
0.9984,2.9,0.43,8.7,True
0.9945,3.49,0.44,10.5,False
0.98914,2.96,0.36,12.5,False
0.99474,3.68,0.46,10.7,False
0.99155,3.14,0.45,12.8,True
0.98949,3.22,0.39,12.7,False
0.9931,3.16,0.35,10.3,False
0.99615,3.37,0.58,10.5,False
1.0,3.27,0.48,8.8,False
0.98965,3.41,0.61,12.4,True
0.9923,2.97,0.48,10.4,False
0.9908,3.26,0.54,12.3,True
0.99,3.05,0.28,12.1,True
0.9927,3.12,0.38,9.7,False
0.9948,3.19,0.45,9.6,False
0.9967,3.23,0.47,9.2,False
0.9927,3.3,0.43,10.2,False
0.99792,2.96,0.39,9.0,True
0.99304,3.35,0.61,10.4,True
0.9966,3.52,0.62,10.2,True
0.9953,3.24,0.77,12.6,True
0.99694,3.45,0.48,9.4,False
0.99675,3.37,0.58,9.0,False
0.99067,3.06,0.5,12.3,True
0.9898,3.29,0.42,12.4,True
0.99756,3.48,0.62,9.7,False
0.9913,3.07,0.65,10.9,True
0.9939,3.24,0.52,9.1,False
0.99366,3.11,0.59,11.2,False
0.995,3.5,0.45,10.9,True
0.99817,3.27,0.58,11.0,False
0.9933,3.49,0.71,10.5,True
0.998,3.49,0.52,9.2,False
0.99572,3.49,0.59,10.3,False
0.9942,3.36,0.33,10.1,True
0.99638,3.29,0.75,10.9,False
0.9988,2.96,0.51,9.2,False
0.99242,3.39,0.4,12.8,False
0.992,3.11,0.35,11.1,False
0.99495,3.18,0.82,11.0,True
0.98992,3.15,0.46,12.3,True
0.99862,3.22,0.46,8.9,False
0.98944,3.22,0.39,12.8,True
1.0,3.15,0.85,10.4,True
0.999,3.09,0.64,10.2,False
0.99175,3.47,0.52,11.2,False
0.99085,3.25,0.4,11.9,True
0.9972,3.3,0.36,8.9,False
0.99249,2.95,0.39,10.1,False
0.99215,3.29,0.46,10.7,False
0.99955,3.26,0.54,8.8,True
0.9911,3.29,0.39,12.2,True
0.9941,3.14,0.3,11.1,True
0.99408,3.26,0.62,12.4,True
0.99782,3.0,0.6,9.5,True
0.99792,2.96,0.39,9.0,True
0.99184,3.22,0.39,10.5,False
0.99472,3.3,0.56,10.75,False
0.9903,3.3,0.59,12.6,True
0.99669,3.46,0.61,10.2,False
0.9957,3.38,0.55,9.2,False
0.991,3.11,0.4,12.4,True
0.9956,3.39,0.84,11.4,False
0.9935,3.04,0.34,12.0,False
0.9968,3.24,0.66,9.4,False
0.98939,3.24,0.37,12.8,True
0.9914,2.92,0.42,10.8,True
0.9982,3.31,0.53,10.5,False
0.9946,3.32,0.38,12.3,False
0.99675,3.37,0.58,9.0,False
0.99038,2.93,0.32,11.5,False
0.99438,3.26,0.41,9.5,False
0.99006,3.19,0.66,12.0,False
0.9944,3.06,0.4,9.4,False
0.9944,3.29,0.32,10.1,False
0.991,3.42,0.42,11.8,True
0.99031,3.1,0.4,12.3,True
0.99748,3.48,0.65,9.8,False
0.99586,3.21,0.59,12.1,True
0.9969,3.25,0.39,9.5,False
0.991,3.17,0.44,11.7,True
0.9914,3.32,0.45,12.5,True
0.99112,2.93,0.43,11.5,True
0.99825,2.9,0.44,8.7,True
0.99462,3.44,0.58,11.4,False
0.99033,3.25,0.35,11.8,False
0.9964,3.33,0.56,10.0,False
0.99173,3.07,0.46,11.3,False
0.99815,3.27,0.29,9.2,False
0.9928,3.46,0.51,9.7,False
0.99186,2.9,0.72,12.1,False
0.99661,3.47,0.77,9.7,False
0.9984,3.31,0.59,9.2,False
0.99326,2.97,0.3,11.0,True
0.99758,3.25,0.57,10.4,False
0.9977,3.06,0.45,8.6,False
0.99084,3.38,0.35,11.5,True
0.99272,3.37,0.41,10.7,True
0.9979,2.98,0.48,9.0,True
0.9953,3.12,0.59,9.9,False
0.991,3.08,0.74,12.1,True
0.99592,3.12,0.51,9.5,False
0.99444,3.31,0.77,12.5,True
0.99338,3.16,0.46,12.2,True
0.99028,3.25,0.63,12.5,True
0.9926,3.42,0.49,10.8,True
0.9937,3.09,0.59,10.9666666666667,True
1.0001,3.3,0.36,8.7,False
0.9987,2.88,0.82,9.8,True
0.9971,3.28,0.61,9.2,False
0.99705,3.16,0.5,9.6,False
1.0014,3.06,0.8,10.0,False
0.9965,3.43,0.38,9.6,False
0.9986,3.11,0.62,10.8,False
0.99616,3.15,0.53,9.8,False
0.99649,3.27,0.74,12.3,False
0.99118,3.08,0.5,12.5,True
0.99549,3.23,0.7,12.0,True
0.99604,3.47,0.87,11.0,True
0.99354,3.25,0.55,12.3,True
0.9922,3.15,0.64,11.3,True
0.9926,3.39,0.54,10.2,True
0.98906,3.25,0.52,13.7,True
0.99042,3.16,0.42,12.5,True
0.99534,3.06,0.46,10.3,False
0.9936,3.15,0.34,11.9,True
0.9906,3.0,0.41,12.6,False
0.9961,3.34,0.55,9.2,False
0.99643,3.22,0.65,11.6,True
0.99299,3.36,0.44,10.8,True
0.9911,3.05,0.56,11.3,True
0.9916,3.26,0.68,12.4,True
0.99534,3.16,0.4,10.2,False
0.9926,3.33,0.64,10.7,True
0.99509,3.36,0.76,12.4,True
0.99238,3.19,0.48,10.2,False
0.99085,3.34,0.58,11.1,True
0.9957,3.06,0.47,11.4,True
0.98867,3.09,0.36,12.8,True
0.9967,3.17,0.44,8.8,False
0.98958,3.12,0.4,12.1,True
0.98982,3.22,0.39,12.7,False
0.99318,3.11,0.5,11.0,True
0.99076,3.32,0.44,11.1,True
0.99162,3.15,0.65,12.8,True
0.99476,3.39,0.56,10.9,False
0.9998,3.12,0.59,9.3,False
0.99458,3.16,0.54,9.8,False
0.99392,3.12,0.51,10.8,False
0.99416,3.15,0.41,9.2,False
0.99161,3.28,0.51,11.8,True
0.9924,3.31,0.57,10.9,False
0.9892,3.3,0.4,12.9,True
0.99652,3.2,0.42,9.2,False
0.9945,3.05,0.37,11.4,False
0.9928,3.26,0.4,10.6,True
0.99144,3.21,0.43,12.1,True
0.9961,3.31,0.38,9.4,False
0.99513,3.4,0.57,10.4,False
0.996,3.0,0.37,12.1,False
0.9912,3.35,0.58,11.6333333333333,True
0.9919,3.22,0.43,9.2,False
0.9966,3.04,0.56,9.7,False
0.9928,3.2,0.72,10.6,False
0.99518,3.12,0.48,12.0,True
0.99502,3.16,0.38,9.4,False
0.9962,3.31,0.34,10.1,False
0.99523,3.02,0.56,10.5,True
0.99316,3.15,0.6,10.0,False
0.9976,3.27,0.6,9.3,False
0.99352,3.09,0.33,11.7,True
0.99014,3.15,0.5,11.7,True
0.9922,3.54,0.5,11.6,True
0.99838,2.98,0.44,8.7,False
0.9962,3.23,0.47,9.0,False
0.9962,3.43,0.63,11.0,True
0.99551,3.18,0.48,9.5,False
0.9913,3.05,0.44,11.8,True
0.9958,3.14,0.38,11.8,True
0.98742,3.31,0.4,13.6,True
0.99736,3.58,0.69,10.8,True
0.99114,3.36,0.6,11.5,True
0.99394,3.14,0.59,11.3,True
0.9947,3.21,0.36,11.5,False
0.9954,3.04,0.55,11.0,False
0.9898,3.36,0.4,12.5,False
0.98945,3.37,0.42,12.7,False
0.9918,3.19,0.58,12.2,True
0.9982,3.03,0.93,9.8,False
0.99745,3.29,0.99,12.0,True
0.9906,3.0,0.41,12.6,False
0.9979,3.08,0.46,9.5,False
0.99092,3.29,0.44,12.5,True
0.998,3.29,0.54,9.7,False
0.99456,3.03,0.34,10.5,True
0.9924,3.16,0.4,10.8,False
0.9986,3.16,0.88,9.2,False
0.9934,3.41,0.32,10.4,False
0.9916,3.26,0.47,11.2666666666667,True
0.9918,3.35,0.33,11.5,True
0.99397,3.42,0.62,11.7,True
0.9986,3.12,0.38,9.0,True
0.99499,3.1,0.42,9.2,False
0.9924,3.14,0.43,10.4,False
0.992,3.16,0.54,12.6,True
0.9939,3.01,0.46,9.0,False
0.98779,3.12,0.4,14.2,True
0.994,3.11,0.66,10.8,False
0.99606,3.37,0.55,9.7,False
0.9968,3.16,0.78,12.5,True
0.9966,3.17,0.66,9.8,False
0.99728,3.3,0.65,10.0,True
0.9912,3.31,0.52,11.6,False
0.9917,3.15,0.54,10.8,True
0.99139,2.99,0.38,12.3,True
0.99134,3.38,0.68,11.2,True
0.98906,3.25,0.52,13.7,True
0.9958,3.35,0.52,9.6,False
0.99094,3.03,0.65,12.0,False
0.99,3.19,0.43,11.9,True
0.98975,3.3,0.84,11.9,True
0.9982,3.01,0.47,9.2,False
0.99475,3.21,0.48,9.4,False
0.99194,3.0,0.35,10.5,False
0.9934,3.03,0.33,11.9,True
0.9948,3.05,0.54,11.1,False
0.99177,3.23,0.41,12.1,True
0.9924,3.15,0.46,10.0,True
0.98774,3.32,0.32,13.1,True
0.9984,3.32,0.62,9.4,False
1.0006,3.28,0.75,8.8,True
0.9911,2.99,0.48,12.1,True
0.9954,3.42,0.67,11.3,False
0.98853,3.09,0.49,12.7,True
0.994,3.39,0.37,10.6,False
0.9955,3.04,0.43,10.9,False
0.9921,3.29,0.46,11.6,True
0.9936,3.27,0.34,11.3,True
0.9929,3.14,0.4,11.9,True
0.9956,3.32,0.42,11.7,False
0.99326,2.97,0.3,11.0,True
0.9958,3.33,0.53,10.3,False
0.9955,3.14,0.35,11.3,False
0.9916,3.0,0.32,12.4,True
0.99458,3.15,0.45,11.5,True
0.9964,3.3,0.72,11.0,False
0.99542,3.19,0.48,9.5,False
0.9962,3.41,0.59,10.8,True
0.9983,3.21,0.51,9.0,False
0.9906,3.36,0.51,11.2,True
0.98928,3.04,0.79,13.0,True
0.993,3.42,0.51,10.1,True
0.9976,3.18,1.04,10.9,True
0.99036,3.14,0.4,11.0,False
0.9926,3.35,0.48,11.2,False
0.9976,3.46,0.54,9.5,False
0.99564,3.38,0.6,10.3,False
0.99645,3.39,0.68,11.0,False
0.9964,3.14,0.48,10.0,False
0.9934,3.03,0.43,9.2,False
0.9927,3.53,0.79,11.7,True
0.992,3.0,0.55,11.3,True
0.9944,3.34,0.57,9.7,False
0.99278,3.07,0.75,10.7,True
0.9958,3.34,0.56,9.2,False
0.9984,3.23,0.58,10.5,False
0.99496,3.11,0.44,10.5,True
0.9965,3.29,0.6,11.2,True
0.99417,3.46,0.74,12.7,True
0.99,3.13,0.48,12.1,True
0.9906,3.04,0.32,11.7,True
0.9956,3.24,0.43,9.2,False
0.99578,2.88,0.47,9.7,False
0.99697,3.39,0.62,10.1,False
0.99726,3.04,0.56,10.0,True
0.98894,3.22,0.53,13.5,True
0.99176,3.02,0.39,11.9,True
0.9927,3.53,0.79,11.7,True
0.99144,3.08,0.6,12.5,True
0.99418,3.34,0.82,12.9,False
0.9952,3.34,0.79,13.3,True
0.9932,3.33,0.46,11.6,True
0.99576,3.2,0.53,9.1,False
0.99129,3.16,0.44,12.4,True
0.99514,3.14,0.5,9.6,False
0.99182,3.24,0.43,11.3,False
0.9964,3.28,0.55,9.7,False
0.9959,3.16,0.44,10.9,True
0.99014,3.18,0.31,12.0,False
0.9976,3.08,0.49,8.6,False
0.9936,3.4,0.42,11.4,True
0.99718,3.05,0.5,9.5,False
0.9893,3.0,0.47,12.2,True
0.99636,3.53,0.61,10.4,False
0.99659,3.06,0.58,9.3,False
0.99064,3.16,0.48,11.9,True
0.9941,3.34,0.72,9.5,False
0.99907,3.06,0.68,9.5,False
0.99012,3.1,0.37,11.8,True
0.9974,3.21,0.8,9.4,False
0.99882,3.17,0.52,10.0,False
0.9962,3.41,0.59,10.8,True
0.9986,3.26,0.54,9.1,False
0.99636,3.35,0.6,9.7,False
0.99725,3.17,0.54,10.0,True
0.9969,3.21,0.69,9.3,False
0.9976,3.34,0.86,10.6,True
0.9969,2.87,1.36,10.2,False
0.99033,3.4,0.41,11.4,False
0.9977,3.02,0.43,8.7,False
0.9922,3.25,0.46,11.6,True
0.992,3.13,0.57,12.3,True
0.99399,3.34,0.54,11.0,False
0.99062,3.15,0.57,13.2,True
0.9917,3.3,0.5,11.0,True
0.99133,3.19,0.52,11.1,False
0.9988,3.09,0.8,9.3,False
0.9902,3.1,0.49,12.1,True
0.992,3.08,0.41,11.4,False
0.98722,3.3,0.34,13.6,False
0.99518,3.12,0.48,12.0,True
0.9965,3.45,0.68,11.5,False
0.9942,2.96,0.34,10.4,False
0.99539,3.2,0.43,10.6,False
0.99945,3.34,0.78,9.1,False
0.996,3.22,0.64,10.0,False
0.9938,3.22,0.45,11.0,False
0.9955,3.36,0.44,10.9,False
0.9995,3.03,0.42,9.2,False
0.99652,3.2,0.42,9.2,False
0.99089,3.22,0.38,11.3,True
0.99305,3.12,0.7,10.4,False
0.99133,3.2,0.54,11.1,True
0.99516,3.35,0.69,11.7,True
0.98802,3.07,0.64,13.3,True
0.99192,3.19,0.71,12.1,True
0.9987,2.98,0.7,9.2,False
0.9936,3.18,0.55,9.4,False
0.9958,3.14,0.34,10.8,False
0.9934,3.27,0.95,9.5,True
0.9903,3.19,0.81,11.9,True
0.9983,3.27,0.66,10.0,False
0.99594,3.4,0.78,11.3,True
0.9917,3.72,0.74,14.0,True
0.99122,3.24,0.32,12.2,False
0.99546,3.2,0.55,10.5,False
0.99862,3.22,0.46,8.9,False
0.9942,3.36,0.33,10.1,True
0.99348,3.12,0.33,10.2,False
0.9957,3.17,0.55,10.4,False
0.99573,3.26,0.46,9.2,False
0.9983,3.18,0.61,9.3,True
0.9968,3.5,0.67,11.0,False
0.98892,3.4,0.41,12.9,True
0.9909,3.33,0.86,12.0,True
0.9892,2.93,0.36,12.5,False
0.9934,3.12,0.32,11.5,True
0.9962,3.09,0.55,8.9,False
0.99243,3.28,0.5,10.0,False
1.0004,3.15,0.51,9.3,True
0.9997,3.1,0.76,10.3,False
0.99066,3.13,0.72,11.2,True
0.98964,3.14,0.42,12.7,False
0.9954,3.25,0.54,10.4,False
0.99752,3.06,0.43,9.1,False
0.99381,3.13,0.55,12.8,True
0.99464,3.36,0.44,10.1,False
0.99383,3.52,0.64,10.5,True
0.99294,2.96,0.56,11.0,False
0.99456,3.06,0.3,11.5,True
0.98976,3.24,0.99,12.1,True
0.98951,2.84,0.54,13.2,True
0.99516,3.26,0.84,11.7,True
0.99408,3.19,0.44,13.0,True
0.99358,2.96,0.59,10.2,False
0.9926,3.13,0.45,11.6,False
0.99193,3.2,0.46,12.0,True
0.99202,3.35,0.44,10.7,True
0.99769,3.44,0.86,10.2,True
0.99947,3.35,0.78,9.1,False
0.99384,3.15,0.52,10.8,False
0.99095,3.05,0.62,11.2,False
0.9952,3.17,0.39,10.3,True
0.9967,3.23,0.47,9.2,False
0.9934,3.19,0.39,10.6,True
0.99664,3.12,0.65,11.8,True
0.9912,3.08,0.67,12.8,True
0.99685,3.18,0.41,10.0,False
0.9913,3.07,0.65,10.9,True
0.99355,3.05,0.55,11.5,True
0.99784,2.85,0.5,9.5,False
0.9984,3.36,0.5,9.4,True
0.99154,3.71,0.74,14.0,True
0.999,3.41,0.87,10.3,False
0.99314,3.44,0.64,10.5,False
0.9917,3.38,0.58,12.0,True
0.991,3.34,0.7,12.0,True
0.9947,3.4,0.34,10.7,True
0.99221,3.36,0.39,11.0,True
0.99517,3.09,0.66,10.0,False
0.997,3.24,0.75,11.7,True
0.9958,2.87,0.29,10.0,False
0.9902,3.26,0.55,13.0,True
0.99685,3.46,0.5,11.0,False
0.99186,3.24,0.44,11.3,False
0.99296,3.17,0.55,11.2,False
0.9924,3.4,0.74,11.5,True
0.9966,2.9,0.41,8.9,False
0.99255,3.22,0.63,10.4,True
0.998,3.28,0.51,9.8,False
0.99164,3.08,0.59,12.5,True
0.9996,3.18,0.63,10.8,True
0.98845,3.29,0.33,13.1,False
0.98946,3.35,0.43,11.4,True
0.99235,3.38,0.58,12.2,True
0.9912,3.4,0.71,12.3,True
0.99036,3.24,0.56,12.7,True
0.9917,3.19,0.48,10.5,False
0.9895,3.19,0.34,12.4,True
0.99582,3.21,0.45,9.4,False
0.99226,3.15,0.52,10.8,False
0.99106,3.06,0.42,11.1,False
0.9896,3.07,0.43,13.5,True
0.99374,3.35,0.76,11.6,True
1.0002,3.32,0.92,10.8,True
0.9978,3.15,0.9,11.0,True
0.9929,3.48,0.56,10.5,True
0.99807,2.94,0.41,8.8,True
0.99002,3.27,0.98,11.9,True
0.9986,3.1,0.5,9.2,False
0.98961,3.36,0.37,12.7,False
0.99488,3.1,0.48,9.6,False
0.99524,3.33,0.76,11.8,True
0.9968,3.3,1.2,10.3,False
0.99532,3.16,0.47,9.8,True
0.9986,3.03,0.44,9.2,False
0.9922,2.96,0.25,10.5,False
0.99318,3.35,0.66,12.7,True
0.99334,2.93,0.66,10.3,True
0.9912,3.32,0.59,11.5,True
0.9974,3.08,0.38,8.9,False
0.9897,3.09,0.31,10.8,False
0.9968,3.44,0.63,10.0,False
0.9934,3.42,0.4,11.7,True
0.98912,3.31,0.38,13.0,True
0.99508,3.17,0.38,10.4,True
0.98867,3.09,0.36,12.8,True
0.99076,3.51,0.48,11.2,False
0.9898,3.32,0.47,12.6,True
0.99,3.19,0.38,12.6,True
0.9966,3.08,0.4,10.2,False
0.9936,3.21,0.41,9.5,False
0.9911,3.15,0.48,11.9,False
0.998,3.0,0.53,8.8,False
0.99165,3.15,0.6,12.6,True
0.99471,3.32,0.51,9.8,False
0.99348,3.57,0.54,11.95,False
0.9901,3.0,0.38,12.1,True
1.0006,3.1,0.56,9.0,False
0.9921,3.29,0.46,11.6,True
0.99761,3.52,0.72,9.6,False
0.99135,3.08,0.6,11.3,True
0.996,3.34,0.61,11.6,False
0.99064,3.26,0.39,11.7,True
0.9923,3.0,0.68,10.4,True
0.99326,2.97,0.3,11.0,True
0.9896,3.38,0.44,12.3,False
0.9976,3.28,0.62,9.4,False
0.99939,3.21,0.76,11.3,False
0.99067,3.44,0.73,12.2,True
0.9952,3.52,0.56,12.3,True
0.9983,3.03,0.42,9.0,False
0.997,2.92,0.59,9.5,True
0.9928,3.02,0.37,11.4,False
0.9913,3.53,0.43,11.7,False
0.99471,3.37,0.53,10.0,False
0.9954,2.86,0.36,9.7,False
0.9972,3.4,0.61,10.2,False
0.99801,3.03,0.46,8.9,False
0.9951,3.25,0.44,9.0,True
0.99004,3.02,0.52,11.9,True
0.9906,3.28,0.36,12.7,False
0.9963,3.28,0.62,9.4,False
0.99067,3.44,0.73,12.2,True
0.993,2.83,0.44,9.6,False
0.9986,3.04,0.68,11.4,True
0.99146,3.3,0.54,11.3,True
0.99492,3.14,0.5,9.6,False
0.99657,3.39,0.65,9.5,False
0.9972,3.25,1.08,9.9,True
0.9911,3.35,0.4,11.4,True
0.9933,3.1,0.44,10.7,True
0.9927,3.19,0.45,9.5,False
0.99458,3.15,0.45,11.5,True
0.9986,3.1,0.5,9.2,False
0.9928,3.13,0.39,10.4,True
0.99254,3.17,0.34,12.1,False
0.9971,3.09,0.57,10.2,True
0.98934,3.2,0.45,13.5,True
0.98993,3.45,0.6,12.6,True
0.9976,3.35,0.61,11.3,False
0.99552,3.41,0.76,11.9,True
0.9939,3.52,0.65,10.4,False
0.99623,3.0,1.17,9.2,False
0.99165,3.16,0.44,11.3,False
0.99519,3.47,0.71,11.3,True
0.9976,3.09,0.46,8.9,False
0.99464,3.25,0.61,10.4,True
0.9964,3.69,0.71,10.0,False
1.0003,3.32,0.91,11.0,False
0.99014,3.13,0.5,11.3,True
0.99848,3.23,0.5,9.0,False
0.99498,3.27,0.64,12.1,True
0.99884,3.13,0.45,8.6,False
0.99358,3.4,0.72,12.5,True
0.99672,3.53,0.81,10.4,False
0.99021,3.18,0.38,12.2,False
0.99736,3.14,0.5,9.2,False
0.99426,3.38,0.77,12.7,True
0.99111,3.28,0.48,12.1,True
0.99478,3.36,0.47,9.3,False
0.9962,3.17,0.59,10.5,True
0.9955,3.34,0.56,9.3,False
0.9966,3.11,0.57,9.7,False
0.99064,3.29,0.65,12.5,False
0.98963,3.23,0.58,13.1,True
0.9916,3.12,0.59,12.0,True
0.99159,3.31,0.63,11.3,True
0.9953,3.46,0.55,11.4,False
0.99726,3.18,0.79,10.4,False
0.99159,3.31,0.63,11.3,True
0.9942,3.72,0.58,11.4,False
0.99496,3.11,0.44,10.5,True
0.99332,3.12,0.44,10.7,True
0.99085,3.25,0.4,11.9,True
0.9942,3.24,0.35,9.5,False
0.99516,3.35,0.51,9.7,False
0.9961,3.54,0.59,10.3,False
0.9914,3.43,0.42,12.0,False
0.9924,3.37,0.45,11.1,False
1.00242,3.16,0.75,8.8,False
0.99076,2.97,0.52,12.2,True
0.9994,3.18,0.63,10.2,False
0.99444,3.04,0.37,10.5,True
0.9996,3.29,0.75,9.1,True
0.9951,3.4,0.64,11.0,True
0.98938,3.27,0.53,12.8,True
0.9978,3.51,0.56,9.4,False
0.9948,3.12,0.48,9.4,False
0.9927,3.07,0.25,12.7,True
0.9932,3.03,0.39,9.2,False
0.999,3.14,0.46,8.9,True
1.0003,3.21,0.69,8.6,True
0.99586,3.21,0.59,12.1,True
0.99262,3.34,0.35,12.6,False
0.9986,3.14,0.49,9.1,True
0.99486,3.27,0.75,12.6,True
0.98986,3.36,0.33,12.8,True
0.99419,3.24,0.7,11.4,True
0.99054,3.02,0.52,11.3,False
0.99265,3.54,0.41,10.0,True
0.9916,3.1,0.46,10.6,False
0.9887,2.96,0.35,12.0,False
0.9946,3.13,0.47,9.7,False
0.9952,3.35,0.77,12.1,True
0.99604,3.23,0.48,10.0,False
0.99074,3.17,0.44,12.2,True
0.99166,3.35,0.47,12.3,True
0.99434,3.1,0.51,9.5,False
0.99568,3.32,0.56,10.5,True
0.99282,3.21,0.6,11.0,False
0.99091,3.02,0.5,11.0,False
0.9932,3.4,0.47,10.7,False
0.992,3.03,0.3,11.9,True
0.99182,3.34,0.46,11.4,False
0.9914,3.11,0.5,11.4,False
0.9948,3.39,0.6,10.6,False
0.99334,2.92,0.66,10.3,True
0.99161,3.28,0.51,11.8,True
0.9937,3.63,0.63,13.0,False
0.991,3.42,0.42,11.8,True
0.99795,3.41,0.44,9.8,True
0.9964,3.54,0.48,10.9,False
0.99188,3.21,0.37,11.3,True
0.9924,3.16,0.39,12.0,True
0.98892,3.4,0.41,12.9,True
0.99497,3.08,0.5,10.6,False
0.998,3.02,0.5,9.8,False
0.9922,3.26,0.59,10.4,True
0.9986,3.26,0.54,9.1,False
0.9965,3.28,0.44,8.7,True
0.991,3.34,0.7,12.0,True
0.98987,3.08,0.62,12.3,True
0.9915,3.31,0.37,12.6,False
0.99232,3.2,0.45,10.0,False
0.99834,3.22,0.64,10.0,True
0.99632,3.02,1.15,9.3,False
1.001,2.95,0.4,8.8,False
0.99158,3.22,0.52,11.5,True
0.9924,3.41,0.51,10.5,True
0.98894,3.22,0.53,13.5,True
0.99686,3.21,0.58,9.5,False
0.99804,3.14,0.51,9.2,False
1.0001,3.3,0.37,8.8,False
0.9965,3.19,0.82,9.6,False
0.9932,3.26,0.32,10.0,False
0.9908,3.12,0.54,11.4,True
0.9936,3.18,0.5,9.9,True
0.99735,3.02,0.76,9.9,True
0.9923,3.49,0.42,11.4,True
0.993,3.09,0.51,10.5,True
0.99584,3.28,0.52,9.9,False
0.99035,3.38,0.9,11.8,True
0.99746,3.55,0.59,9.8,False
0.99406,3.11,0.45,10.9,True
1.0,3.07,0.56,8.7,False
0.9903,3.22,0.49,12.6,True
0.991,3.39,0.48,12.7,True
0.99,3.3,0.33,12.2,True
0.996,3.14,0.58,9.5,False
1.0002,3.16,0.67,9.7,False
0.9956,3.12,0.49,9.2,False
0.99748,3.24,0.45,9.3,False
0.994,3.14,0.58,9.5,False
0.9955,3.18,0.48,9.5,False
0.9931,3.11,0.35,8.7,False
0.99976,3.17,0.5,9.1,False
0.9942,2.99,0.48,9.5,False
0.9906,3.48,0.39,10.8,True
0.9932,3.15,0.38,11.8,True
0.99646,3.56,0.63,11.6,False
0.9993,3.45,0.52,9.4,False
0.99026,3.2,0.6,12.6,True
0.9962,3.2,1.13,12.0,True
0.99153,3.24,0.35,11.5,False
0.99041,3.16,0.47,11.8,False
0.9986,3.07,0.53,9.1,True
1.001,2.93,0.5,8.7,False
0.992,3.54,0.61,12.3,True
0.999,3.14,0.46,8.9,True
0.9936,3.26,0.64,10.7,False
0.9928,3.15,0.42,11.0,False
0.9963,3.36,0.54,10.0,False
0.9991,3.38,0.77,10.5,True
0.9906,3.04,0.32,11.7,True
0.9901,3.0,0.38,12.1,True
0.99419,3.27,0.54,11.2,True
0.99658,3.3,0.62,12.1,True
0.9973,3.34,0.79,12.2,True
0.9953,3.16,0.47,9.6,False
0.9952,3.37,0.5,12.2,True
0.99511,3.59,0.49,10.5,True
0.99432,3.1,0.5,9.8,False
0.9964,3.33,0.67,11.2,True
0.9928,3.12,0.44,10.5,False
0.9936,3.13,0.38,12.3,True
0.9939,2.99,0.32,11.0,True
0.99066,3.13,0.72,11.2,True
0.9994,3.04,0.6,9.3,False
0.9998,3.27,0.57,9.3,False
0.98939,3.0,0.52,11.9,True
0.9968,3.23,0.77,9.5,False
0.99577,3.15,0.79,12.1,True
0.99546,3.02,0.59,10.2,False
0.99469,3.11,0.45,10.9,True
0.9966,3.07,0.46,9.4,False
0.99596,3.16,0.49,9.4,False
0.9941,3.42,0.68,10.6,False
0.9982,3.44,0.53,9.8,False
1.0022,3.07,0.73,10.0,True
0.99633,3.32,0.7,11.0,False
0.9943,3.24,0.46,9.1,False
0.9899,3.16,0.48,12.7,False
0.9966,3.52,0.55,10.7,False
0.9924,3.24,0.92,11.5,True
0.99416,3.28,0.49,11.3,True
0.99564,3.19,0.38,9.8,True
0.99458,3.13,0.52,9.0,False
0.991,3.29,0.62,12.3,False
0.98868,3.1,0.47,12.8,True
0.9943,3.2,0.6,12.2,False
0.9906,3.19,0.48,11.3,True
0.99406,3.11,0.45,10.9,True
0.99065,3.31,0.61,11.8,True
0.99686,3.15,0.67,10.6,True
0.9948,3.33,0.49,10.7,True
0.98892,3.41,0.41,12.9,True
0.9994,3.28,0.82,9.0,True
0.993,3.16,0.71,11.4,False
0.99151,2.96,0.39,12.5,False
0.9924,2.99,0.61,9.8,False
0.98974,3.1,0.5,11.5,True
0.99356,3.33,0.7,12.8,True
0.99684,3.37,0.68,11.2,True
0.99278,2.99,0.4,10.8,False
0.99825,2.9,0.44,8.7,True
0.9904,3.22,0.6,13.0,False
1.00241,3.44,0.43,8.9,False
0.9986,3.06,0.41,8.7,False
0.9958,3.34,0.54,10.7,True
0.991,3.34,0.56,10.8,True
0.9934,3.6,0.67,10.4,True
0.99035,3.26,0.44,12.4,True
0.99283,3.12,0.56,11.0,False
0.99705,3.31,0.55,9.7,False
0.99526,3.26,0.35,10.8,False
0.9927,3.12,0.39,9.3,True
0.991,3.38,0.39,11.3,True
0.992,3.47,0.5,10.8,True
0.9891,3.23,0.64,12.1,True
0.98923,3.21,0.42,13.0,False
0.98856,3.2,0.53,13.2,True
0.9988,3.21,0.73,11.0,False
0.99469,3.11,0.45,10.9,True
0.9957,3.06,0.47,11.4,True
0.9937,3.45,0.5,10.2,True
0.995,3.27,1.01,12.4,True
0.9948,3.16,0.72,10.7,True
0.99678,3.28,0.72,10.3,True
0.9971,3.03,0.54,9.1,False
0.9991,3.32,0.6,9.0,False
0.99085,3.15,0.38,12.0,True
0.99554,3.12,0.48,9.1,False
0.9978,3.15,0.51,9.0,False
0.9968,3.19,0.5,9.5,False
0.99461,3.02,0.96,12.1,False
0.98922,3.31,0.4,13.1,True
0.99026,3.22,0.62,12.6,True
0.99552,3.23,0.58,11.1,True
0.996,3.28,0.61,9.2,False
0.99711,2.98,0.57,9.4,False
0.9914,3.44,0.53,11.4,False
0.99788,3.21,0.57,9.5,False
0.99613,3.29,0.58,11.1,False
0.99121,3.23,0.6,11.3,True
0.9944,3.02,0.47,8.8,True
0.9926,3.33,0.42,10.8,True
0.9975,3.42,0.6,10.8,False
0.99807,2.94,0.41,8.8,True
0.9898,3.26,0.37,12.7,True
0.99338,3.38,0.56,10.1,False
0.99089,3.12,0.39,11.5,False
0.99429,3.16,0.48,8.4,False
0.9901,3.22,0.34,12.1,True
0.99672,3.24,0.83,11.2,True
0.99198,3.4,0.73,12.5,True
0.9922,3.42,0.69,11.0,True
0.993,2.94,0.36,11.8,False
0.9977,3.16,0.48,8.6,False
0.99558,3.14,0.55,9.8,False
0.99975,3.12,0.47,8.8,True
0.99705,3.24,0.52,10.5,False
0.99142,3.17,0.55,10.7,True
0.99085,2.89,0.3,11.4666666666667,False
0.9928,3.58,0.48,9.4,False
0.99092,3.21,0.52,11.2,False
0.9895,3.17,0.36,12.8,True
0.9929,3.08,0.6,9.8,False
0.99675,3.26,0.57,9.3,False
0.99128,3.2,0.63,11.2,False
0.99556,3.12,0.49,9.4,False
0.9968,3.23,0.77,9.5,False
0.9912,3.31,0.65,12.0,True
0.99048,3.21,0.5,11.4,False
0.9987,3.06,0.36,9.2,False
0.9922,3.36,0.54,10.8,True
0.9978,3.22,0.51,9.7,False
0.9951,3.52,0.37,10.5,False
0.993,3.22,0.77,9.5,False
0.9916,3.17,0.41,11.8,False
0.9908,3.42,0.4,11.0,True
0.98944,3.22,0.39,12.8,True
0.99738,3.25,0.42,9.6,False
0.9935,3.18,0.41,12.2,True
0.9944,3.14,0.36,9.8,False
0.99258,4.01,0.59,12.5,False
0.99975,3.12,0.47,8.8,True
0.99318,3.04,0.4,9.2,False
0.9927,3.27,0.41,11.0,True
0.99652,3.37,0.54,10.3,False
0.9967,3.08,0.58,9.6,False
0.9976,3.23,0.82,12.6,True
0.99225,3.39,0.69,10.9,True
0.9984,2.9,0.43,8.7,True
0.9914,3.27,0.74,11.4,True
0.99188,3.38,0.4,11.5,False
0.99835,3.04,0.54,9.0,False
0.99738,3.38,0.66,11.6,True
0.98947,3.25,0.53,13.3,True
0.991,3.3,0.31,11.5,True
0.995,3.61,0.49,12.7,False
0.9948,3.12,0.43,11.3,True
0.99492,3.18,0.37,10.8,False
0.992,3.55,0.49,11.2,True
0.9938,3.64,0.54,10.0,True
0.9979,2.98,0.48,9.0,True
0.9968,3.4,0.58,9.5,False
0.99695,3.22,0.82,10.3,True
0.9945,2.98,0.43,10.4,True
0.9893,3.51,0.38,12.5,True
0.99418,3.28,0.57,11.8,False
0.99735,3.23,0.44,10.0,False
0.99865,3.3,0.64,10.4,False
0.9914,3.1,0.46,11.1,False
0.99546,3.38,0.6,10.3,False
0.9957,3.54,0.5,10.3,False
0.98913,3.41,0.33,13.7,True
0.9932,3.21,0.52,9.3,False
0.9954,3.34,0.58,9.4,False
0.9956,3.56,0.52,12.7,False
0.99184,3.25,0.48,10.9,False
0.99456,3.4,0.39,10.5,False
0.9942,3.4,0.39,9.7,False
0.99232,3.2,0.47,10.0,False
0.99737,3.16,0.41,9.7,True
0.9986,3.12,0.38,9.0,True
0.99105,3.36,0.53,12.8,True
0.99825,2.9,0.44,8.7,True
0.9945,3.45,0.53,10.4,False
0.9968,3.36,0.57,9.5,True
0.9944,3.38,0.59,10.9,False
0.999,3.16,0.59,9.1,False
0.9944,2.92,0.46,9.5,False
0.998,3.17,0.61,10.2,False
0.9921,3.08,0.39,10.8,False
0.9934,3.22,0.56,9.5,False
0.9922,3.29,0.52,10.5,False
0.99825,2.9,0.44,8.7,True
0.99076,3.32,0.44,11.1,True
0.9895,3.17,0.36,12.8,True
0.9978,3.0,0.36,8.7,False
0.9928,3.49,0.5,10.2,True
0.9919,3.32,0.51,10.4,True
0.9938,3.19,0.37,10.5,False
0.99331,3.24,0.49,11.85,False
0.99408,3.19,0.44,13.0,True
0.9918,3.06,0.32,11.8,True
0.99456,2.99,0.34,10.5,False
0.9914,3.53,0.42,12.4,False
0.9961,3.19,0.62,9.5,False
0.9953,3.18,0.4,10.6,True
0.99373,3.02,0.53,9.4,False
0.99228,3.06,0.34,12.5,True
0.99676,3.14,0.72,11.1,True
0.9894,3.39,0.79,14.0,True
0.99484,3.19,0.52,12.5,True
0.9898,3.25,0.4,12.7,True
0.99954,2.93,0.52,9.1,True
0.9948,2.89,0.34,10.1,False
0.9946,3.29,0.57,10.6,True
0.9934,3.24,0.56,9.5,False
1.0006,3.01,0.51,9.3,False
0.9986,3.14,0.49,9.1,True
0.9991,3.18,0.63,9.2,False
0.99057,3.2,0.44,11.7,False
0.99422,3.1,0.44,9.5,False
0.9932,3.28,0.39,10.6,False
0.9972,3.28,0.73,11.8,True
0.99975,3.12,0.47,8.8,True
0.99054,3.19,0.27,12.8,True
0.9932,3.36,0.38,9.3,False
0.98936,3.14,0.36,11.1,True
0.99024,3.09,0.58,12.8,True
0.9938,3.24,0.36,9.4,False
0.9986,3.04,0.46,8.9,True
0.9911,3.15,0.28,11.4,False
0.9977,3.13,0.51,8.9,False
0.99471,3.78,0.64,12.3,True
0.9934,3.26,0.54,9.2,False
0.99534,3.4,0.85,11.0,True
0.9938,3.4,0.41,10.6,True
0.99273,3.38,0.53,10.5,False
0.99123,2.99,0.32,12.4,True
0.9967,3.29,0.48,9.2,False
0.99347,3.24,0.46,10.4,True
0.9977,3.23,0.46,9.5,False
0.998,3.02,0.5,9.1,False
0.9938,3.3,0.53,10.7,True
0.99636,3.26,0.59,9.7,False
0.9916,3.46,0.42,11.0,True
0.9916,3.26,0.47,11.3,True
0.99824,3.38,0.64,10.1,False
0.9918,3.2,0.48,11.3,True
0.9955,3.58,0.89,12.3,True
0.98995,3.48,0.52,12.5,True
0.9981,3.15,0.51,10.4,False
0.9953,3.36,0.5,12.0,True
0.998,3.48,0.64,9.1,False
0.9994,3.2,0.77,10.8,True
0.9964,3.26,0.36,9.1,False
0.98931,3.2,0.36,12.0,False
0.9964,3.35,0.65,10.2,True
0.99724,3.25,0.35,10.5,False
0.9922,3.02,0.38,12.4,False
0.9916,3.21,0.44,11.5,True
0.9954,2.86,0.36,9.7,False
0.98985,3.2,0.33,12.0,False
0.99063,3.27,0.63,12.4,False
0.998,3.34,0.7,9.6,False
0.99304,3.1,0.55,11.2,False
0.99604,3.13,0.58,11.9,True
0.99326,3.08,0.49,10.8,False
1.0011,3.17,0.39,8.8,False
0.9928,3.31,0.48,10.4,True
1.0008,3.25,0.57,9.0,False
0.99286,3.25,0.36,8.8,False
0.99318,3.28,0.35,11.95,True
0.99064,3.26,0.39,11.7,True
0.9938,2.95,0.4,9.4,False
0.992,3.23,0.32,12.0,True
0.9943,3.1,0.3,11.2,True
0.99807,2.94,0.41,8.8,True
0.99175,3.21,0.59,12.3,True
0.9984,2.9,0.43,8.7,True
0.992,3.18,0.41,10.0,False
0.99172,3.2,0.39,11.94,True
1.0032,2.95,0.68,11.2,True
0.99,3.23,0.46,12.4,True
0.99146,3.19,0.22,13.4,True
0.9926,3.33,0.64,10.7,True
0.99119,2.99,0.3,12.2,True
0.99479,3.12,0.39,11.2,False
0.9913,3.07,0.52,11.8,True
0.99578,3.1,0.45,10.4,False
0.98946,3.16,0.57,13.0,True
0.999,3.14,0.46,8.9,True
0.9994,3.34,0.67,8.8,False
0.9938,3.09,0.43,9.3,False
0.9984,2.9,0.43,8.7,True
0.99384,3.54,0.6,10.5,True
0.99657,3.03,0.47,9.3,False
0.99132,3.1,0.58,11.2,True
0.9936,3.4,0.42,11.4,True
0.9927,3.61,0.61,10.3,True
0.9917,3.24,0.36,10.7,False
0.99693,3.1,0.55,10.0,False
1.0,3.24,0.76,8.5,True
0.9984,3.37,0.69,10.1,True
0.99362,3.29,0.54,9.9,False
0.99208,3.05,0.54,9.8,False
0.9979,3.09,0.44,9.0,False
0.99489,3.06,0.5,9.4,False
0.99066,2.98,0.44,12.4,False
0.99182,3.54,0.88,13.6,True
0.99538,3.51,0.71,11.7,True
0.9982,3.06,0.47,9.6,True
0.9919,3.03,0.32,11.3,True
0.98834,3.05,0.59,12.9,True
0.997,3.19,0.44,9.5,True
0.99692,3.33,0.83,11.1,False
0.9979,3.14,0.5,8.8,False
0.98872,3.18,0.47,13.6,True
0.9905,3.3,0.36,11.8,True
0.9979,3.38,0.99,9.8,False
0.9923,2.94,0.32,10.2,True
0.9928,3.13,0.55,11.5,False
0.9954,3.04,0.65,10.4,False
0.9986,3.14,0.49,9.1,True
0.9982,3.3,0.75,9.8,False
0.99299,3.29,0.44,9.9,True
0.997,3.44,0.52,9.4,False
0.9899,3.25,0.41,12.6,True
0.9927,3.2,0.42,10.4,True
0.9963,3.27,0.57,9.0,False
0.99634,3.49,0.64,10.4,False
0.9958,3.35,0.52,9.6,False
0.9903,3.15,0.38,11.4,True
0.99438,3.32,0.58,11.4,False
0.98981,3.22,0.29,13.4,True
0.99625,3.09,0.43,9.0,False
0.9954,3.34,0.52,10.5,True
0.9946,3.39,0.47,10.0,True
0.99084,3.38,0.35,11.5,True
0.9956,3.25,0.55,9.5,False
0.9997,3.16,0.66,9.5,False
0.99278,3.41,0.5,9.8,False
0.9928,3.13,0.55,11.5,False
0.9922,3.4,0.58,10.5,False
0.9957,3.3,0.49,10.1,False
0.98988,3.14,0.56,11.4,True
0.99386,3.27,0.71,12.5,True
0.9956,3.55,0.44,9.4,True
0.99587,3.12,0.37,9.2,False
0.9926,3.36,0.34,9.9,False
0.9928,3.36,0.55,12.8,True
0.99292,3.58,0.59,12.5,False
0.99123,2.97,0.31,12.2,True
0.9971,3.42,0.48,9.2,False
0.99246,3.28,0.57,10.6,False
0.99625,3.29,0.65,9.3,False
0.99044,3.36,0.48,11.4,True
0.98966,3.03,0.3,11.8,True
0.99123,3.11,0.33,12.5,False
0.99672,3.21,0.38,10.7,False
0.99206,3.2,0.47,11.8,False
0.9952,3.24,0.45,10.7,False
0.98984,2.87,0.48,11.2,False
0.9972,3.15,0.65,11.0,True
0.98944,3.22,0.27,13.4,True
0.9939,3.34,0.57,10.2,True
0.99736,3.14,0.5,9.2,False
0.99072,3.16,0.37,11.1,True
0.9897,3.14,0.31,12.4,True
0.99057,3.47,0.42,11.9,True
0.9988,3.26,0.56,10.6,False
0.9941,3.41,0.59,10.4,True
0.9969,3.12,0.53,9.2,False
0.98919,3.55,0.49,13.0,True
0.99445,3.19,0.53,9.8,False
0.9928,3.23,0.5,10.8,False
0.99435,3.01,0.55,11.0,False
0.9914,3.25,0.55,11.4,True
0.9952,3.5,0.63,11.1,False
0.9958,3.45,0.54,9.7,True
0.9916,2.93,0.37,11.3,True
0.99474,3.36,0.37,10.4,False
0.99744,3.55,0.53,9.7,False
0.9922,3.3,0.46,10.8,True
0.99022,3.41,0.4,12.2,True
0.99827,3.11,0.48,9.0,False
0.9911,3.0,0.32,12.8,True
0.99901,3.18,0.6,10.9,False
0.9961,3.13,0.47,8.9,False
0.9978,3.23,0.58,9.2,False
0.9898,3.09,0.46,12.3,True
0.9931,3.16,0.53,10.0,True
0.9932,3.09,0.5,9.1,False
0.9947,2.88,0.34,10.5,False
0.99839,2.98,0.44,8.7,False
0.99702,3.21,0.49,11.8,True
0.99064,3.16,0.48,11.9,True
0.98968,3.37,0.43,12.4,True
0.9937,3.2,0.53,10.1,False
0.9936,3.05,0.54,10.1,True
0.9939,3.0,0.48,10.7,True
0.98886,3.31,0.4,13.1,True
0.99782,3.07,0.45,9.2,False
0.99035,3.24,0.6,12.6,True
0.9907,3.02,0.6,12.9,True
0.98924,2.97,0.48,12.2,True
0.9986,3.04,0.46,8.9,True
0.9927,3.12,0.39,9.3,True
0.9942,3.41,0.46,9.8,True
0.9933,3.38,0.31,9.4,False
0.99428,3.45,0.87,11.2,True
0.9941,3.26,0.37,11.2,True
0.9989,3.37,0.71,11.5,True
0.99335,3.04,0.52,11.5,True
0.99745,3.16,0.41,9.6,False
1.0014,3.05,0.81,9.5,False
0.9904,3.14,0.38,12.2,True
0.99636,3.47,0.46,10.2,False
0.9922,3.51,0.49,11.5,True
0.99598,3.6,0.74,11.7,False
0.98963,3.23,0.58,13.1,True
0.9917,3.33,0.75,11.4,True
0.9917,3.46,0.5,11.4,False
0.9898,3.28,0.36,12.5,True
0.99587,3.12,0.37,9.2,False
0.99,3.26,0.4,12.6,True
0.9911,3.0,0.32,12.8,True
0.99825,2.9,0.44,8.7,True
0.9924,3.46,0.87,12.9,True
0.99526,3.24,0.81,10.8,True
0.9928,3.3,0.46,9.6,False
0.997,3.2,0.46,10.4,True
0.99864,3.24,0.6,9.7,True
0.9983,3.03,0.42,9.0,False
0.9939,3.16,0.39,10.2,False
0.9954,3.1,0.52,11.0,False
0.98912,3.29,0.42,12.8,True
0.9902,3.15,0.51,12.8,True
0.98956,3.06,0.33,12.0,True
0.9935,3.32,0.58,9.6,True
0.99215,3.29,0.46,10.7,False
0.9936,3.15,0.45,9.8,True
0.99172,3.28,0.33,12.9,True
0.9953,3.13,0.51,12.0,True
0.98966,3.03,0.3,11.8,True
0.99506,3.27,0.55,12.3,False
0.98915,3.22,0.38,12.8,True
0.9934,3.43,0.85,10.2,True
0.98904,3.46,0.36,12.8,True
0.9895,3.39,0.43,12.7,True
0.99021,3.17,0.27,13.6,False
0.9953,2.96,0.4,10.9,True
0.99304,3.26,0.58,11.1,False
0.99059,3.07,0.47,11.1,True
0.99566,3.12,0.56,10.0,False
0.99078,3.34,0.41,12.0,True
0.99373,3.05,0.57,9.8,False
0.99064,3.26,0.39,11.7,True
0.9974,3.38,0.5,9.0,False
0.99238,2.94,0.37,11.5,True
0.9932,3.23,0.37,8.9,False
0.9983,3.25,0.37,9.7,False
0.99362,2.99,0.44,11.4,False
1.0003,3.21,0.69,8.6,True
0.993,3.47,0.48,10.5,True
0.9925,3.28,0.38,11.3,False
0.99174,3.0,0.55,11.4,False
0.997,3.09,0.56,9.5,True
0.99613,3.3,0.49,9.9,False
0.9903,3.37,0.42,12.9,True
0.99172,3.2,0.39,11.94,True
0.9922,3.3,0.49,11.8,False
0.9944,3.44,0.61,10.2,False
0.99326,3.22,0.6,11.5,True
0.9911,3.41,0.51,11.5,True
1.0004,3.16,0.61,10.3,False
0.98912,3.29,0.42,12.8,True
0.99332,3.34,0.42,8.0,False
0.99578,3.33,0.62,9.8,False
0.99072,3.31,0.58,11.75,True
0.99924,3.26,0.41,8.8,False
0.99469,3.32,0.45,9.3,False
0.9945,3.04,0.49,9.8,True
0.9932,3.17,0.39,9.4,False
0.9984,2.9,0.43,8.7,True
0.99825,2.9,0.44,8.7,True
0.9974,3.17,0.5,9.3,False
0.9948,3.51,0.43,11.4,False
0.99792,2.96,0.39,9.0,True
0.9939,3.22,0.27,11.4,False
0.99494,3.1,0.36,9.0,False
0.9937,3.18,0.52,10.1,False
0.9998,3.36,0.41,9.1,True
0.9902,3.14,0.38,12.4,True
0.98912,3.31,0.38,13.0,True
0.9959,3.19,0.5,9.4,False
0.99582,3.33,0.59,10.3,False
0.9937,3.34,0.64,10.9,True
0.9918,3.25,0.45,12.5,True
0.991,3.29,0.62,12.3,False
0.9938,3.04,0.32,11.0,False
0.9912,3.16,0.48,10.8,True
0.99206,3.12,0.44,10.1,False
0.9986,3.12,0.38,9.0,True
0.99165,3.36,0.49,12.3,True
0.9939,3.03,0.33,11.0,False
0.99444,3.31,0.77,12.5,True
0.9958,3.21,0.34,9.2,False
0.99965,3.36,0.8,10.5,True
0.9945,3.2,0.42,9.1,False
0.99254,2.99,0.46,9.4,False
0.98856,3.2,0.53,13.2,True
0.99758,3.3,0.51,9.0,False
0.9976,3.34,0.86,10.6,True
0.9976,3.35,0.52,9.8,False
0.99576,3.24,0.5,9.8,False
1.00014,3.02,0.56,9.1,False
0.9982,3.3,0.6,9.5,False
0.9986,3.14,0.49,9.1,True
0.99807,2.94,0.41,8.8,True
0.99139,3.31,0.5,11.3,True
0.9965,3.48,0.69,10.7,False
0.995,3.39,0.46,9.7,False
0.9914,2.93,0.59,12.5,True
0.99347,3.08,0.46,8.8,False
0.9963,3.46,0.62,11.1,True
0.99622,3.23,0.66,11.1,False
0.9926,3.19,0.7,10.1,False
0.99425,3.15,0.63,9.9,False
0.99254,3.04,0.47,11.4,True
0.99568,3.32,0.56,10.5,True
0.98952,3.32,0.41,12.7,True
0.99522,3.53,0.57,10.6,False
0.99615,3.46,0.64,11.0,True
0.99478,3.1,0.4,9.4,False
0.99036,3.11,0.62,12.9,False
0.98988,3.23,0.53,13.4,True
0.99347,3.24,0.46,10.4,True
0.99538,3.36,0.7,10.9,False
0.99532,3.14,0.42,10.2,False
0.99055,3.28,0.48,12.5,True
0.9912,3.32,0.59,11.5,True
0.9931,3.32,0.44,9.8,False
0.99132,3.36,0.59,11.6,True
0.99924,3.26,0.41,8.8,False
0.99616,3.26,0.58,9.8,False
0.99352,3.09,0.33,11.7,True
0.99784,3.15,0.57,9.1,False
0.99044,2.98,0.39,11.2,True
0.99299,3.36,0.44,10.8,True
0.99422,3.08,0.47,9.5,False
0.9994,3.1,0.61,10.8,False
0.9894,3.41,0.78,13.9,True
0.99566,2.93,0.62,9.5,False
0.99168,3.21,1.08,12.15,True
0.996,3.6,0.46,10.3,False
0.996,3.23,1.1,10.0,True
0.99564,3.19,0.38,9.8,True
0.9902,3.14,0.37,11.7,False
0.99776,3.02,0.64,9.5,False
0.9962,3.21,0.49,10.2,False
0.99335,3.35,0.66,11.1,False
0.9927,3.25,0.62,10.8,False
0.99694,3.45,0.48,9.4,False
0.9917,3.3,0.5,11.0,True
0.99142,3.17,0.55,10.7,True
0.9984,3.06,0.45,9.1,False
0.99184,3.22,0.5,10.7,False
0.9968,3.21,0.71,9.3,False
0.9914,2.93,0.59,12.5,True
0.99143,3.23,0.43,13.4,True
0.99232,3.23,0.64,10.4,True
0.9924,3.36,0.35,9.2,False
0.993,3.13,0.55,10.9,True
0.9956,3.43,0.39,9.0,True
0.99022,3.15,0.34,12.0,True
0.99012,3.36,0.41,13.5,True
0.9942,2.99,0.48,9.5,False
0.99021,3.36,0.49,12.0,False
0.99372,3.18,0.56,9.3,False
0.99287,3.1,0.54,11.0,True
0.98889,3.08,0.64,12.9,True
0.9908,3.5,0.82,14.0,True
0.99437,3.26,0.38,11.5,True
0.99536,3.06,0.46,8.4,False
0.99306,3.36,0.52,11.0,False
0.9968,3.06,1.26,9.4,False
0.99665,3.17,0.39,10.9,False
0.991,3.02,0.78,12.5,False
0.99726,3.04,0.56,10.0,True
0.98994,3.25,0.42,12.3,False
0.9972,3.36,0.7,9.6,False
0.992,3.17,0.54,12.4,True
0.9923,3.1,0.49,11.1,True
0.99328,3.09,0.37,9.8,False
0.98984,3.51,0.6,12.0,True
0.9889,3.15,0.53,12.7,True
0.98998,3.14,0.37,11.6,True
0.99121,3.03,0.56,11.3,True
1.00005,3.07,0.84,9.2,True
0.99676,3.11,0.49,10.0,False
0.99792,2.96,0.39,9.0,True
1.0022,3.07,0.73,10.0,True
0.98994,3.37,0.4,11.9,True
0.9937,3.09,0.59,11.0,True
0.99234,3.25,0.26,12.3,True
0.9917,3.48,0.44,10.7,False
0.98984,3.13,0.32,13.0,True
0.994,3.14,0.42,10.5,False
0.9974,3.26,0.6,10.2,False
0.99162,3.15,0.65,12.8,True
0.9997,3.46,0.72,10.2,False
0.99212,3.18,0.44,12.0,True
0.98944,3.29,0.46,12.2,False
0.9912,3.18,0.44,12.8,True
0.9958,3.45,0.54,9.7,True
0.9919,3.03,0.32,11.3,True
0.9914,3.25,0.4,11.1,True
0.99552,3.41,0.76,11.9,True
0.9978,3.3,0.47,9.0,False
0.9953,3.37,0.52,9.3,True
0.9944,3.24,0.53,11.2,False
0.99155,3.25,0.51,10.1,False
0.98972,3.11,0.46,12.2,True
0.9927,3.12,0.47,9.8,False
0.99604,2.96,0.51,9.7,False
0.99484,3.29,0.8,11.6,True
0.99398,2.86,0.35,9.0,False
0.9926,3.39,0.54,10.2,True
0.9924,3.25,0.43,11.2,True
0.99352,3.33,0.44,10.1,True
0.9978,3.39,0.38,9.6,False
0.9934,3.01,0.33,11.1,True
0.9911,3.3,0.41,12.0,False
0.99315,3.21,0.54,10.8,True
0.9925,3.19,0.37,12.6,True
0.99182,3.54,0.88,13.5666666666667,True
0.9988,3.26,0.67,9.6,False
0.9976,3.15,0.38,9.0,False
1.0006,3.1,0.56,9.0,False
0.99976,3.17,0.5,9.1,False
0.9958,3.12,0.43,10.2,False
0.99528,3.08,0.38,10.6,False
0.9962,3.32,0.48,9.5,False
0.99822,3.33,0.6,10.4,False
0.9905,2.97,0.28,10.8,False
0.98958,3.2,0.5,13.2,True
0.99026,3.2,0.6,12.6,True
0.9932,3.35,0.39,10.1,False
0.98823,3.2,0.46,13.05,True
0.99663,3.14,0.4,9.5,False
0.99266,3.3,0.47,9.63333333333333,False
0.992,2.94,0.46,11.0,False
0.99114,3.2,0.45,11.2,True
0.99215,3.17,0.39,10.8,True
0.99142,3.23,0.49,12.2,True
1.0007,2.98,0.82,9.0,False
0.99269,3.26,0.46,12.2,False
0.9932,3.38,0.35,12.0,True
0.99587,3.31,0.59,10.4,False
0.9903,3.19,0.81,11.9,True
0.994,3.5,0.48,9.8,False
0.99565,3.35,0.6,9.4,False
0.99248,3.38,0.54,11.0,True
0.99406,3.11,0.45,10.9,True
0.9903,3.3,0.59,12.6,True
0.99818,3.24,0.71,10.8,False
0.98836,3.08,0.64,12.9,True
0.9978,3.14,0.61,10.4,False
0.99045,3.15,0.38,12.7,False
0.9893,3.21,0.51,12.6,True
0.9925,3.2,0.42,11.0,True
0.9932,3.1,0.3,9.1,False
0.99592,3.3,0.59,10.4,False
0.99148,3.16,0.58,12.6,True
0.9996,2.96,0.46,9.7,False
0.99138,3.3,0.57,11.0,False
0.99202,2.97,0.68,11.0,False
0.9979,2.98,0.48,9.0,True
0.993,3.2,0.57,10.0,True
0.9903,3.13,0.39,12.3,True
0.9911,3.2,0.52,12.8,True
0.9917,2.96,0.4,12.6,True
0.9926,3.16,0.27,12.7,True
0.99114,3.36,0.6,11.5,True
0.99051,3.31,0.45,11.6,True
0.99313,2.95,0.39,13.0,False
0.98926,2.9,0.38,12.2,False
0.9905,3.25,0.37,10.9,True
0.9924,3.34,0.58,10.1,False
0.99438,3.4,0.82,11.2,False
0.98713,3.33,0.59,14.0,True
0.9925,3.16,0.42,11.0,True
0.9976,3.16,0.5,8.7,False
0.99358,3.15,0.81,12.5,True
0.98871,3.1,0.46,12.6,True
0.9986,3.02,0.93,12.0,False
0.9996,3.06,0.41,9.2,False
0.99564,3.19,0.38,9.8,True
0.99174,3.23,0.43,11.2,True
0.992,3.26,0.53,10.3,False
0.9931,3.42,0.55,11.4,False
0.99189,3.18,0.53,11.9,True
0.9951,3.39,0.62,10.7,True
0.98956,3.45,0.31,12.6,True
0.98956,3.45,0.31,12.6,True
0.9904,3.22,0.54,12.7,True
0.9911,2.99,0.48,12.1,True
0.9935,3.06,0.38,12.0,True
0.99406,2.99,0.36,11.2,False
0.99356,3.17,0.42,11.3,True
0.99079,3.48,0.88,13.5,True
0.99186,3.37,0.4,11.6,False
0.9994,3.22,0.64,10.3,False
0.9968,3.23,0.73,9.7,True
0.9955,3.17,0.81,11.2,True
0.99212,3.18,0.44,12.0,True
0.9925,3.32,0.4,10.8,True
0.9899,3.01,0.68,12.0,False
0.99704,3.2,0.36,9.5,True
0.9994,3.19,0.63,9.5,False
0.99568,3.23,0.42,10.0,False
0.9962,3.4,0.47,9.4,False
0.9974,3.28,0.33,9.0,False
0.99028,3.25,0.63,12.5,True
0.99024,3.15,0.31,12.0,True
0.9937,3.01,0.28,11.2,False
1.00016,2.98,0.66,9.1,False
0.98953,3.24,0.37,12.0,True
0.9911,3.28,0.46,12.0,True
0.9948,3.4,0.39,10.2,False
0.99164,3.08,0.59,12.5,True
0.9938,3.64,0.54,10.0,True
0.9892,3.33,0.39,12.8,True
0.98953,3.39,0.77,13.4,True
0.9962,3.42,0.92,10.5,True
0.9897,3.26,0.38,13.1,True
0.998,3.19,0.59,9.7,False
0.9992,3.07,0.82,10.3,False
0.99542,3.23,0.48,9.5,False
0.9896,3.18,0.48,13.4,True
0.9981,3.37,0.49,9.4,False
0.9942,3.32,0.44,10.9,False
0.99462,3.38,0.58,10.5,False
0.9948,3.12,0.43,11.3,True
0.9976,2.98,0.66,9.9,True
0.994,3.38,0.47,10.1,False
0.99405,3.42,0.5,9.1,True
0.98936,3.2,0.5,13.3,True
0.9906,3.26,0.57,12.7,True
0.9924,3.3,0.57,10.9,True
0.99516,2.91,0.43,10.6,False
0.99459,3.42,0.7,10.0,True
0.99507,3.03,0.39,10.5,True
0.99204,3.15,0.42,10.2,False
0.99028,3.25,0.63,12.5,True
0.9972,3.02,0.63,9.3,False
0.9912,3.17,0.35,11.0,True
0.9912,3.21,0.65,11.7,True
0.9964,3.32,0.57,10.5,False
0.99808,3.0,0.52,9.0,True
0.99032,3.23,0.52,11.3,False
0.99043,3.59,0.56,12.3,True
0.9928,3.36,0.55,12.8,True
0.99792,3.02,0.48,9.2,False
0.99037,3.29,0.6,12.4,True
0.9966,3.12,0.59,9.9,False
0.99099,3.42,0.57,11.4,True
0.9991,3.39,0.62,9.4,False
0.99541,3.61,0.7,11.5,False
0.99691,3.08,0.45,9.4,False
0.9963,3.23,0.63,11.6,True
0.9935,3.09,0.33,11.6,True
0.9994,3.2,0.77,10.8,True
0.99324,3.66,0.48,12.2,True
0.9884,3.19,0.33,13.4,False
0.9973,3.61,0.64,9.8,False
0.9955,3.42,0.74,10.1,True
0.99807,2.94,0.41,8.8,True
0.9941,3.26,0.37,11.2,True
0.9964,3.19,0.55,9.0,True
0.9944,3.01,0.38,10.5,True
0.99764,3.34,0.64,9.5,False
1.0,3.16,0.69,9.0,False
0.9992,3.17,0.84,12.2,True
0.9933,3.52,0.43,11.5,True
0.9968,3.0,0.81,9.2,False
0.9932,3.11,0.75,10.3,False
0.99676,3.2,0.35,9.8,False
0.9932,3.16,0.43,10.0,False
0.991,3.32,0.46,10.9,True
0.9947,3.23,0.73,11.3,True
1.0004,3.34,0.82,8.9,False
0.99176,3.14,0.49,12.8,True
0.9923,3.0,0.68,10.4,True
0.99954,2.93,0.52,9.1,True
0.98949,3.24,0.36,12.6,True
0.9994,3.14,0.57,11.4,False
0.99687,3.11,0.29,9.7,False
0.9924,3.25,0.43,11.2,True
0.9955,3.25,0.41,10.2,False
0.99138,3.04,0.59,11.3,True
0.9965,3.43,0.38,9.6,False
0.99408,3.19,0.44,13.0,True
0.9953,3.13,0.51,12.0,True
0.9986,3.04,0.46,8.9,True
0.9908,3.26,0.4,12.2,True
0.9909,3.26,0.72,14.05,True
0.99316,3.44,0.51,10.4,True
0.9912,3.25,0.39,12.0,True
0.99272,3.18,0.46,9.9,False
0.9917,3.4,0.71,11.5,True
0.99888,3.31,0.55,9.5,False
0.9913,3.05,0.44,11.8,True
0.99528,3.32,0.88,12.4,True
0.9908,3.42,0.4,11.0,True
0.99791,3.07,0.6,10.4,False
0.99258,3.1,0.43,12.1,True
0.99164,3.13,0.63,12.6,True
0.9904,3.07,0.39,11.7,False
0.9932,3.19,0.6,11.2,True
0.9926,3.08,0.38,10.6,False
0.98993,3.3,0.46,12.3,False
0.9996,3.24,0.76,10.4,False
0.996,3.08,0.52,10.7,False
0.99107,3.16,0.42,11.3,True
0.994,2.85,0.46,9.5,False
0.99178,3.13,0.54,10.8,True
0.9981,3.47,0.59,9.3,False
0.9893,3.51,0.38,12.5,True
0.99768,3.44,0.54,9.4,False
0.9926,3.06,0.34,10.0,False
0.9982,3.42,0.9,10.0,False
0.9941,3.34,0.72,9.5,False
0.9953,3.47,0.55,10.4,False
0.98896,3.17,0.32,12.9,True
0.9903,3.26,0.64,12.6,True
0.99302,3.27,0.78,12.9,True
0.99666,3.4,0.76,10.9,True
0.9988,3.12,0.49,8.8,False
0.99356,3.33,0.7,12.8,True
0.99044,2.94,0.35,12.0,False
0.99056,3.34,0.44,11.8,False
0.98942,2.9,0.69,12.6,True
0.9962,3.42,0.4,9.3,True
1.0001,3.04,0.63,11.0,False
0.9973,3.42,0.72,10.5,False
0.99758,3.54,0.74,10.4,False
0.98889,2.96,0.35,13.0,True
0.9944,3.3,0.54,8.7,False
0.996,3.23,0.37,9.2,False
0.9892,3.16,0.6,12.9,False
0.9972,3.15,0.65,11.0,True
0.9938,3.25,0.49,9.6,True
0.9948,3.29,0.76,9.6,False
0.9934,3.45,0.49,10.7,True
0.9921,3.18,0.4,11.1,True
0.9957,3.15,0.57,9.4,False
0.99391,3.11,0.46,9.73333333333333,False
0.9985,3.08,0.53,8.8,False
0.9959,3.3,0.43,10.1,False
1.0005,3.02,0.66,9.0,False
0.99362,3.32,0.58,10.15,True
0.9979,3.43,0.76,9.7,False
0.9906,3.19,0.56,12.4,False
0.9914,3.4,0.4,12.3,True
0.9968,3.11,1.28,9.3,False
0.99216,3.18,0.4,11.0,True
0.99074,3.24,0.46,10.6,False
0.99361,3.29,0.54,9.9,False
0.9982,3.17,0.5,9.6,False
0.99767,3.19,0.53,9.6,False
0.9937,2.96,0.49,10.9,False
0.9918,3.34,0.41,11.1,True
0.992,2.97,0.53,11.0,False
0.99335,3.04,0.52,11.5,True
0.99825,2.9,0.44,8.7,True
0.9948,3.14,0.57,11.5,True
0.9956,3.19,0.4,9.9,False
0.99576,3.24,0.54,10.2,False
0.9959,3.2,0.56,9.6,False
0.9893,3.51,0.38,12.5,True
0.9954,3.12,0.55,10.0,False
0.99329,3.18,0.54,10.3,False
0.9909,3.3,0.6,12.3,True
0.9994,3.24,0.42,9.0,False
0.98946,3.22,0.38,12.7,False
0.9983,3.0,0.73,9.3,False
0.99392,3.11,0.78,12.4,False
0.9906,3.34,0.59,12.0,True
0.99,3.16,0.39,12.7,True
0.99774,3.22,0.76,11.4,False
0.9914,2.98,0.44,10.5,False
0.99304,3.13,0.4,9.6,False
0.99615,3.33,0.86,12.0,True
0.9908,3.28,0.43,12.2,True
0.99635,3.38,0.58,10.0,False
0.98984,3.51,0.6,12.0,True
0.99656,3.25,0.5,9.8,False
1.00196,3.01,0.44,8.5,False
0.99458,3.2,0.69,12.1,True
0.98988,3.16,0.37,11.7,True
0.994,2.99,0.32,11.0,True
0.992,2.96,0.33,10.5,False
0.9914,3.14,0.39,10.9,True
0.9958,3.39,0.57,9.7,True
0.99612,3.37,0.58,11.0,False
0.99124,2.96,0.37,12.5,False
0.9928,3.25,0.48,11.0,False
1.0014,3.2,0.66,12.0,True
0.9938,3.13,0.38,12.3,True
0.9968,3.25,0.54,9.4,False
0.99792,2.96,0.39,9.0,True
0.98882,2.98,0.43,13.2,True
0.98966,3.26,0.58,13.1,True
0.9998,3.26,0.74,11.2,True
0.99498,3.18,0.89,11.1,True
0.9934,3.57,0.84,12.5,True
0.9952,3.28,0.9,11.3,True
0.99728,3.3,0.65,10.0,True
0.9986,3.04,0.46,8.9,True
0.99594,3.17,0.43,9.4,False
0.99047,2.88,0.47,11.2,False
0.9974,3.09,0.44,8.7,False
0.99332,3.29,0.62,10.6,False
0.99735,3.02,0.76,9.9,True
0.99,3.16,0.61,12.6,True
0.9968,3.38,0.62,9.5,True
0.98948,3.35,0.38,12.5,True
0.9996,3.38,0.67,9.0,False
0.9925,3.01,0.34,13.0,True
0.9934,3.18,0.61,9.9,True
0.9946,3.14,0.62,9.2,False
0.9964,3.27,0.58,9.5,False
0.98914,3.4,0.56,12.6,True
0.9954,3.23,0.4,10.3,False
0.9953,3.12,0.74,9.9,True
0.99243,3.28,0.5,10.0,False
0.9919,3.41,0.82,11.9,True
0.99616,3.15,0.53,9.8,False
0.998,3.15,0.5,10.0,False
0.9966,3.33,0.46,9.5,False
0.9895,3.31,0.41,12.7,True
0.98986,3.36,0.56,12.0,True
0.99574,3.42,0.75,11.0,False
0.9947,3.19,0.55,11.4,True
0.99608,3.13,0.46,10.4,False
0.99021,3.36,0.49,12.0,False
0.99911,3.14,0.5,9.0,False
0.9898,3.28,0.36,12.7,True
0.98742,3.31,0.4,13.6,True
0.9956,3.37,0.64,10.4,False
0.9955,3.22,0.5,9.5,False
0.9941,3.25,0.53,10.7,False
0.9997,3.1,0.6,10.4,False
0.98958,3.18,0.7,11.7,False
0.99112,2.93,0.43,11.5,True
0.9968,3.2,0.52,9.4,False
0.99048,3.12,0.38,12.6,True
0.9933,3.13,0.5,10.2,False
0.99774,3.32,0.71,10.5,False
0.9892,3.31,0.37,13.1,True
0.99316,3.01,0.51,12.3,True
0.98869,3.34,0.38,12.8,True
0.99414,3.22,0.6,12.2,False
0.9941,3.2,0.39,10.3,False
0.9969,3.06,0.61,9.2,False
0.99542,3.11,0.48,9.3,False
0.9988,3.22,0.69,13.4,True
0.99185,3.37,0.68,11.0,True
0.99068,3.19,0.45,11.4,True
0.9956,3.09,0.3,9.5,False
0.9917,3.46,0.5,11.4,False
0.9982,3.23,0.51,9.3,False
0.9954,3.27,0.55,9.7,False
0.99116,3.27,0.69,11.1,True
0.9954,3.32,0.58,9.2,False
0.9938,3.23,0.39,11.1,True
0.99733,3.13,0.48,9.2,False
0.99862,3.22,0.46,8.9,False
0.9944,3.17,0.63,9.8,False
0.9956,3.32,0.37,10.2,False
0.9982,2.98,0.65,9.4,False
0.99176,3.07,0.55,11.0,True
0.997,3.2,0.56,9.4,False
0.99365,3.1,0.56,10.8,False
0.99449,3.19,0.41,10.7,False
0.99198,3.01,0.62,10.8,False
0.99216,2.98,0.31,12.0,True
0.98998,3.19,0.37,12.1,True
0.9918,3.16,0.56,12.2,True
0.9966,3.04,0.35,9.4,False
0.98711,3.1,0.29,13.9,True
0.9896,3.12,0.36,12.2,True
0.9907,3.42,0.9,13.7,True
0.992,3.55,0.49,11.2,True
0.9984,3.51,0.47,9.8,False
0.9959,3.81,0.57,10.3,False
0.99792,2.96,0.39,9.0,True
0.99808,3.0,0.52,9.0,True
0.99572,3.08,0.49,9.8,True
0.9925,3.25,0.79,12.3,True
0.9971,3.19,0.76,11.6,True
0.99089,3.25,0.75,11.3,True
0.99042,3.16,0.42,12.5,True
0.9942,3.15,0.35,10.2,False
0.99371,3.41,0.57,11.8,False
0.9928,3.28,0.4,12.4,False
0.98938,3.06,0.44,11.8,False
0.9916,3.1,0.5,12.3,False
0.9952,3.52,0.56,12.3,True
0.99524,3.3,0.74,11.8,True
0.99229,3.07,0.67,10.1,True
0.9959,3.42,0.58,10.2,False
0.99,3.29,0.62,12.6,True
0.9914,3.27,0.67,10.8,False
1.0,3.42,0.35,9.1,False
0.995,3.32,0.9,13.4,True
0.9925,3.32,0.47,9.1,False
0.9986,3.07,0.53,9.1,True
0.99089,3.15,0.45,11.0,True
0.98815,3.32,0.5,13.5,True
0.99575,3.34,0.57,10.0,False
0.99792,2.96,0.39,9.0,True
0.9913,3.29,0.59,11.6,True
0.98952,3.32,0.41,12.7,True
1.0017,2.96,0.58,8.7,False
0.9972,3.15,0.57,9.0,False
0.9918,2.98,0.39,13.3,True
0.9914,3.14,0.51,11.4,False
0.99442,3.08,0.38,11.0,True
0.9956,3.39,0.58,9.9,False
0.99164,2.93,0.41,13.6,False
0.9906,3.4,0.67,12.2,True
0.99026,3.08,0.48,13.0,True
0.9913,3.25,0.5,11.0,True
0.99176,3.19,0.45,11.0,False
0.99066,2.99,0.47,12.1,True
0.992,3.17,0.42,11.2,True
0.99036,3.08,0.49,12.7,True
0.9962,3.16,0.51,9.9,False
0.9952,3.04,0.37,10.1,True
0.9914,3.1,0.39,10.9,False
0.99314,3.18,0.4,9.2,False
0.99031,3.3,0.43,12.2,True
0.9936,3.06,0.58,9.9,False
0.997,3.18,1.36,10.3,False
0.9984,3.01,0.83,11.8,True
0.9944,3.29,0.55,10.5,True
0.98819,3.08,0.42,13.7,True
0.99438,3.09,0.5,9.8,False
0.9956,3.37,0.48,9.0,False
0.9955,3.19,0.4,9.1,False
0.9934,3.42,0.54,10.2,True
0.9972,2.93,1.98,9.8,False
0.99808,3.0,0.52,9.0,True
0.9918,3.19,0.58,12.2,True
0.99338,3.26,0.47,10.4,False
0.99239,3.38,0.59,10.5,False
0.9954,3.49,0.42,10.8,True
0.99322,3.08,0.46,11.0,True
0.99615,3.37,0.58,10.5,False
0.9955,3.36,0.44,10.9,False
0.999,3.14,0.46,8.9,True
0.99394,3.45,0.63,10.6,False
0.99755,3.42,0.43,9.5,False
0.99211,3.31,0.45,10.8,False
0.9915,3.06,0.45,11.4,False
0.9916,3.54,0.59,11.1,True
0.9952,3.04,0.44,9.6,False
0.9976,3.25,1.02,10.8,True
0.99572,3.02,0.83,10.9,True
0.9908,3.3,0.39,11.4,True
0.99274,3.46,0.28,11.5,True
0.99009,3.15,0.66,12.0,False
0.99554,3.36,0.48,9.4,False
1.0004,3.16,0.49,9.5,False
0.99159,3.31,0.63,11.3,True
0.9914,2.99,0.45,10.8,False
0.98836,3.0,0.4,13.2,False
0.99018,3.34,0.54,12.8,True
0.9962,3.42,0.4,9.3,True
0.99787,3.47,0.58,10.3,True
0.9986,3.35,0.54,10.4,False
0.99514,3.35,0.58,11.0,True
0.998,3.22,0.62,9.2,False
0.99356,3.34,0.72,12.9,True
0.9905,3.24,0.32,11.4,False
0.99538,3.57,0.63,12.0,False
0.99178,3.38,0.57,11.0,True
0.99304,3.19,0.47,10.3,False
0.9918,3.2,0.48,11.3,True
1.0,3.34,0.42,9.6,False
0.9906,3.35,0.64,12.4,True
0.993,3.02,0.55,11.4,False
0.99593,3.25,0.64,10.0,False
0.9907,3.14,0.73,11.2,True
0.99469,3.11,0.45,10.9,True
0.9912,3.08,0.31,12.3,True
0.9922,3.29,0.52,10.5,False
0.98993,2.95,0.3,11.4,False
0.99142,3.17,0.55,10.7,True
0.994,3.63,0.4,9.7,False
0.99663,3.14,0.4,9.5,False
0.99172,3.22,0.62,12.3,True
0.9951,3.39,0.62,10.7,True
1.0001,3.26,0.88,11.0,False
0.99095,3.17,0.58,11.0,False
0.9947,3.14,0.53,9.7,False
0.9981,3.18,0.49,8.7,False
1.0006,2.98,0.54,9.4,False
0.99551,3.16,0.51,9.5,False
0.99472,3.23,0.76,11.3,True
0.9978,3.05,0.74,11.5,True
0.99508,3.17,0.38,10.4,True
1.00005,3.07,0.84,9.2,True
0.9928,3.21,0.35,12.2,True
0.9973,3.09,0.66,11.8,True
1.0002,3.3,0.76,10.7,True
0.9894,3.38,0.36,12.3,True
0.9944,3.1,0.38,12.0,True
0.99614,3.23,0.49,9.3,False
0.99406,3.11,0.45,10.9,True
0.99454,3.19,0.7,10.4,False
0.99174,3.23,0.43,11.2,True
0.992,3.38,0.49,12.2,True
0.9976,3.21,1.05,10.8,True
0.99455,3.25,0.54,11.0,True
0.9911,3.28,0.41,11.2,True
0.99,3.11,0.27,13.0,True
0.99066,3.13,0.72,11.2,True
0.9874,3.26,0.37,13.5,False
0.9917,3.13,0.39,11.0,False
0.9918,3.35,0.38,11.1,True
0.99095,3.35,0.6,11.9,True
0.9926,3.03,0.29,10.2,False
0.99053,3.27,0.69,11.4,True
0.99495,3.44,0.72,11.5,True
0.9906,3.23,0.4,11.1,False
0.99668,3.19,0.42,9.2,False
0.99678,3.28,0.72,10.3,True
0.98902,3.04,0.54,12.8,True
0.9931,3.46,0.51,10.6,True
0.9901,3.12,0.44,12.8933333333333,True
0.99108,3.33,0.64,11.5,True
0.992,3.51,0.58,12.5,True
0.99235,3.44,0.53,10.1,True
0.99111,3.26,0.48,11.0,False
0.99031,3.1,0.4,12.3,True
0.9924,3.44,0.66,11.0,False
0.9951,3.03,0.46,8.6,False
0.998,2.92,0.68,10.5,True
0.99572,3.02,0.83,10.9,True
0.9892,3.33,0.39,12.8,True
0.99198,3.04,0.68,10.5,True
0.98916,3.04,0.37,12.5,False
0.9976,3.05,0.74,10.5,True
0.9944,3.36,0.48,9.6,True
1.00015,3.31,0.71,9.8,False
0.99748,3.24,0.45,9.3,False
0.99822,3.08,0.52,9.2,False
0.99074,3.33,0.42,10.9,True
0.98916,3.11,0.39,13.3,True
0.9945,3.29,0.8,9.6,False
0.99221,3.22,0.58,10.9,True
0.998,3.19,0.73,10.0,False
0.9932,3.04,0.39,11.2,False
0.9896,3.1,0.4,12.4,False
0.99451,2.98,0.63,11.8,True
0.99053,3.27,0.69,11.4,True
0.99582,3.18,0.5,9.4,False
0.99524,3.03,0.58,10.4,False
0.99128,3.08,0.38,11.4,False
0.99552,3.41,0.76,11.9,True
0.99473,3.3,0.76,12.8,True
0.99091,3.23,0.44,11.1,True
0.99869,3.14,0.57,9.1,False
0.99534,3.11,0.49,9.3,False
0.9946,3.31,0.42,9.3,False
0.99808,3.02,0.34,8.8,False
0.9938,3.06,0.31,10.8,False
0.9967,3.29,0.51,9.2,False
0.99535,3.23,0.43,10.7,False
0.9997,3.28,0.39,8.7,False
0.98964,3.46,0.4,13.2,True
0.98936,3.19,0.44,13.5,True
0.99096,3.22,0.41,11.0,False
0.9979,3.29,0.62,10.1,False
0.99245,3.18,0.46,11.5,False
0.9942,3.05,0.74,9.8,False
0.99538,3.12,0.5,9.5,False
0.9986,3.31,0.55,9.3,False
0.9993,3.18,0.58,9.0,False
0.9965,3.11,0.53,9.2,False
0.9938,3.2,0.57,10.8,False
0.99576,3.3,0.8,11.2,False
0.99639,3.27,0.64,12.2,True
0.99408,3.26,0.62,12.4,True
0.98956,3.22,0.46,12.9,True
1.0,3.06,0.44,9.1,True
0.99062,3.31,0.38,11.7,True
0.98981,3.04,0.45,11.6,True
0.9976,3.07,0.38,11.0,False
0.994,2.99,0.32,11.0,True
1.0003,3.21,0.69,8.6,True
0.99173,2.9,0.57,10.5,True
0.9896,3.07,0.43,13.5,True
0.9948,3.35,0.7,12.5,False
0.99126,3.06,0.64,10.9,True
0.99188,3.13,0.65,12.9,True
0.9927,3.27,0.41,11.0,True
0.9978,3.15,0.9,11.0,True
0.9994,3.44,0.52,11.5,False
0.9906,3.59,0.38,11.0,True
0.993,3.21,0.56,10.8,False
0.9927,3.11,0.55,10.5,False
0.99058,3.11,0.75,11.3,True
0.9934,3.34,0.56,10.0,False
0.99566,3.28,0.56,12.0,False
0.99907,3.06,0.68,9.5,False
0.9984,3.08,0.67,9.0,False
0.98936,3.36,0.78,13.9,True
0.98886,3.56,0.45,13.0,True
0.9976,2.96,0.6,10.0,False
0.99228,3.06,0.34,12.5,True
0.99476,3.21,1.03,11.6,False
0.99586,3.11,0.52,9.5,False
0.99008,3.24,0.66,12.5,True
0.9986,3.07,0.53,9.1,True
0.99188,3.13,0.65,12.9,True
0.99382,3.08,0.35,11.6,False
0.9904,3.29,0.54,12.5,False
0.99546,3.02,0.59,10.2,False
0.9898,3.16,0.37,12.7,True
0.99524,3.28,0.58,9.7,False
0.9945,3.34,0.57,9.7,False
0.9973,3.35,0.38,9.5,False
0.99736,3.58,0.69,10.8,True
0.9927,3.15,0.78,9.5,False
0.99047,2.88,0.47,11.2,False
0.9938,3.2,0.38,11.0,True
0.99402,3.54,0.6,11.3,False
0.9894,3.36,0.33,12.1,True
0.98946,3.16,0.57,13.0,True
0.99374,3.41,0.6,12.8,False
0.9902,3.06,0.52,11.2,False
0.98936,3.06,0.34,12.9,True
0.99393,3.11,0.52,10.2,True
0.99976,3.22,0.75,8.9,False
0.9996,3.28,0.97,10.1,False
0.99688,3.26,0.7,10.3,True
0.99076,3.21,0.51,11.4,False
0.98999,3.32,0.54,12.6,False
0.9986,3.27,0.82,11.7,True
0.9914,3.34,0.58,11.0,True
0.99148,3.3,0.36,10.5,False
0.9924,3.24,0.37,11.0,False
0.9962,3.2,1.13,12.0,True
0.9912,3.36,0.6,12.5,True
0.991,3.3,0.38,12.5,True
0.9899,3.35,0.35,11.5,False
0.9933,3.38,0.88,13.6,True
0.9926,3.36,0.82,12.0,True
0.99158,3.48,0.6,11.0,True
0.9958,3.22,0.48,9.3,False
0.9966,3.38,0.55,10.1,False
0.99526,3.22,0.4,10.8,False
0.99382,3.53,0.66,10.5,True
0.99311,3.15,0.56,10.9,True
0.993,3.13,0.55,10.9,True
0.9957,3.44,0.64,9.8,True
0.99085,3.25,0.4,11.9,True
0.99808,3.0,0.52,9.0,True
0.99612,3.11,0.56,9.9,False
0.99114,3.31,0.58,10.8,True
0.9928,3.04,0.32,11.5,False
0.99462,3.21,0.69,12.5,True
0.98952,3.31,0.44,12.7,True
0.9992,3.09,0.52,9.6,False
0.9918,3.06,0.46,11.0,False
0.99218,3.24,0.46,10.9,False
0.99207,3.17,0.46,10.7,True
0.99084,3.03,0.37,11.5,False
0.9976,3.34,0.46,9.4,False
0.99426,3.31,0.57,11.8,True
0.9956,2.89,0.3,10.1,False
0.9942,3.01,0.98,10.5,False
0.9983,3.18,0.61,9.3,True
0.99365,3.32,0.58,10.1333333333333,True
0.9928,3.15,0.42,11.0,False
0.99,3.13,0.49,12.8,True
0.9928,3.19,0.35,11.5,False
0.99207,3.13,0.45,10.2,False
0.9968,3.2,0.72,10.2,True
0.99976,3.22,0.75,8.9,False
0.9889,3.15,0.53,12.7,True
0.99499,3.2,0.48,9.7,False
0.98746,3.21,0.83,14.0,True
0.9923,3.24,0.33,10.5,False
0.99212,3.16,0.33,11.2,False
0.99346,3.33,0.46,11.9,False
0.9945,3.1,0.32,10.6,True
0.99111,3.28,0.48,12.1,True
0.9918,3.19,0.51,11.4,False
0.99214,3.13,0.74,10.8,True
0.9949,3.55,0.63,9.4,False
0.99148,3.16,0.58,12.6,True
0.99088,3.01,0.36,11.7,True
0.9981,3.41,0.74,9.2,False
0.98934,3.04,0.26,13.4,True
0.9951,3.2,0.38,9.3,False
0.9986,3.44,0.47,9.5,False
0.99265,3.15,0.45,12.8,False
0.98994,3.1,0.38,11.5,False
0.99532,3.34,0.47,10.5,False
0.997,3.34,0.39,9.4,False
0.99374,3.43,0.59,11.0,False
0.99565,3.23,0.51,10.7,False
0.997,3.25,0.73,9.2,False
0.989,3.57,0.36,12.8,True
0.9998,3.42,0.36,9.1,True
0.99108,3.39,0.44,11.8,True
0.99683,3.17,0.65,10.6,True
0.99264,3.56,0.94,12.9,True
0.98962,3.19,0.75,12.4,True
0.98896,3.17,0.32,12.9,True
0.99538,3.44,0.54,12.2,False
0.9914,3.21,0.76,11.3333333333333,False
0.99238,2.94,0.37,11.5,True
0.9912,3.32,0.44,12.6,True
0.9899,3.15,0.38,12.7,True
0.99084,3.34,0.44,12.6,True
0.9952,3.33,0.46,11.0,True
0.9971,3.36,0.5,10.4,False
0.99165,3.26,0.55,12.2,False
0.99516,3.26,0.84,11.7,True
0.99668,3.16,0.42,9.3,False
1.00315,2.92,0.74,11.1,False
0.99061,3.33,0.63,12.6,True
0.99902,3.13,0.45,8.9,False
0.992,3.27,0.64,11.0,True
0.99344,3.05,0.48,11.2,False
0.99316,3.01,0.51,12.3,True
0.99132,3.1,0.58,11.2,True
0.9924,3.16,0.39,12.0,True
0.99174,3.23,0.43,11.2,True
0.99845,3.02,0.4,9.3,False
0.99428,3.23,0.49,10.5,False
0.99074,3.16,0.51,11.0,False
0.99155,3.37,0.66,11.7,True
0.99378,3.71,0.63,12.8,True
0.99815,3.27,0.3,9.3,False
0.99226,3.55,0.68,12.1,False
0.9896,3.39,0.39,12.8,True
0.9991,3.07,0.64,9.2,False
0.99038,3.18,0.51,11.7,True
0.9932,3.24,0.66,11.2,True
0.9947,3.32,0.56,11.0,True
0.99156,3.57,0.59,10.6,False
0.98953,3.39,0.77,13.4,True
0.9912,3.54,0.52,12.4,True
0.9994,3.66,0.43,8.9,False
0.9962,3.11,0.46,10.7,False
0.99561,3.11,0.53,9.5,False
0.9924,3.16,0.48,10.9,True
0.99432,3.23,0.53,10.6,False
0.9924,3.57,0.85,13.0,True
0.9931,3.41,0.46,10.8,True
0.99076,3.27,0.59,11.9,True
0.99089,3.22,0.38,11.3,True
0.99773,3.3,0.5,10.1,False
0.9955,3.28,0.69,8.9,False
0.99294,3.36,0.62,12.2,False
0.99941,2.94,0.64,8.8,False
0.9893,2.99,0.39,12.4,True
0.98916,3.41,0.55,12.7,True
0.99736,3.24,0.77,12.1,True
0.99235,3.22,0.54,11.0,False
0.9945,3.34,0.49,10.4,False
0.9948,3.12,0.43,11.3,True
0.99382,3.53,0.66,10.5,True
0.992,3.27,0.64,11.0,True
0.99315,3.21,0.54,10.8,True
0.9984,3.01,0.54,8.8,False
0.992,3.09,0.72,11.6,True
0.99324,3.31,0.64,10.8,False
0.9992,3.37,0.82,9.5,True
0.9986,3.12,0.38,9.0,True
0.9935,3.34,0.38,9.5,True
0.98934,3.04,0.26,13.4,True
0.99792,2.96,0.39,9.0,True
0.99498,3.66,0.62,10.1,False
0.99072,3.05,0.53,11.3,True
0.99189,3.04,0.59,11.3,True
0.9934,3.27,0.95,9.5,True
0.995,3.36,0.56,10.3,True
0.99432,3.19,0.38,10.4,False
0.99192,3.19,0.71,12.1,True
0.9949,3.49,0.77,10.3,True
0.9982,3.19,0.7,10.0,True
0.9984,3.01,0.43,9.2,False
0.9934,3.47,0.4,10.2,False
0.9948,3.48,0.62,10.5,False
0.99794,3.31,0.58,9.7,False
0.9976,3.19,0.44,8.8,False
0.99942,3.47,0.59,10.0,False
0.999,3.17,0.85,12.0,True
0.9983,3.39,0.54,9.2,False
0.99659,3.1,0.56,9.8,False
0.99678,3.28,0.72,10.3,True
0.99082,3.06,0.33,12.6,True
0.99185,3.32,0.44,11.2,False
0.99551,3.16,0.51,9.5,False
0.99215,3.3,0.4,9.8,False
0.99026,3.2,0.94,13.7,True
0.992,3.38,0.44,11.2,False
0.98935,3.18,0.4,12.5,False
0.99,3.26,0.42,12.2,False
0.9972,3.17,0.48,10.2,False
0.99202,3.43,0.68,10.4,True
0.99566,3.14,0.79,11.1,True
0.9985,3.06,0.57,10.1,False
0.9997,3.11,1.36,9.8,True
0.99605,3.52,0.63,10.7,False
0.9961,3.42,0.57,11.5,False
0.99011,3.15,0.34,12.0,False
0.9939,3.24,0.51,10.8,False
0.99235,3.2,0.72,13.1,True
0.99019,3.17,0.48,12.0,True
0.98942,2.9,0.66,12.6,True
0.9923,3.08,0.46,10.5,False
0.9916,3.68,0.79,14.0,False
0.99296,3.2,0.55,10.8,False
0.989,2.98,0.64,13.1,True
0.9991,3.18,0.63,9.2,False
0.9989,3.07,0.53,9.2,False
0.99542,3.28,0.44,9.5,False
0.99184,3.28,0.6,12.0,True
0.9933,3.26,0.45,10.2,False
0.99378,3.71,0.63,12.8,True
0.9916,3.36,0.71,12.5,False
0.9919,3.41,0.53,11.0,False
0.9934,3.27,0.95,9.5,True
0.99676,3.26,0.82,10.6,True
0.9944,3.18,0.65,10.0,False
0.99018,3.03,0.43,13.1,False
0.99012,3.27,0.36,13.5,True
0.99173,3.33,0.42,12.2,True
0.991,3.09,0.75,12.6,True
0.99346,3.33,0.46,11.9,False
0.99178,3.76,0.63,11.0,True
0.99146,3.22,0.72,11.3,False
0.99036,3.08,0.49,12.7,True
0.9916,3.07,0.4,10.8,True
0.999,3.16,0.59,9.1,False
0.99534,3.4,0.85,11.0,True
0.9962,3.21,0.6,10.9,False
0.9986,3.14,0.49,9.1,True
0.9963,3.34,0.74,11.7,True
0.9909,3.29,0.38,11.3,False
0.9961,3.33,0.47,9.5,False
0.9976,3.03,0.49,10.2,True
0.99058,3.12,0.36,12.5,True
0.993,3.02,0.34,11.1,True
0.99326,3.08,0.49,10.8,False
0.99119,3.31,0.62,11.6,False
0.9979,2.98,0.48,9.0,True
0.99494,2.94,0.51,8.8,False
0.99971,2.94,0.43,9.0,True
0.9986,3.03,0.57,8.7,False
0.98942,3.11,0.5,12.1,True
0.99165,3.26,0.6,11.5,True
0.99462,3.48,0.57,10.7,False
0.9918,3.53,0.51,12.5,True
0.9912,3.38,0.38,12.3,True
0.99642,3.16,0.53,9.4,False
0.99376,3.21,0.54,12.3,False
0.99433,3.23,0.53,10.98,False
0.9931,3.11,0.38,10.2,False
0.9973,3.35,0.86,12.8,True
0.9986,3.2,0.69,9.4,False
0.9964,3.22,0.6,9.2,False
0.9949,3.46,0.45,10.0,True
0.99524,3.41,0.52,11.1,False
0.9987,3.35,0.57,9.7,False
0.99523,3.19,0.48,9.5,False
0.9954,3.14,0.58,9.8,False
1.0,3.03,0.66,10.2,False
0.9928,3.05,0.76,10.7,True
0.9928,3.41,0.36,11.3,True
0.999,3.17,0.85,12.0,True
0.9907,3.25,0.48,12.2,True
0.9922,3.15,0.47,10.0,False
0.99523,3.27,0.85,11.7,True
0.99035,3.38,0.9,11.8,True
0.9906,3.0,0.37,12.0,False
0.99305,3.15,0.52,11.4,True
0.9998,3.36,0.41,9.1,True
0.9951,3.23,0.34,9.5,False
0.995,3.16,0.38,10.0,False
0.99287,3.1,0.54,11.0,True
1.0,3.04,0.52,8.9,False
0.99,3.19,0.43,11.9,True
0.99719,3.33,0.57,10.3,False
0.994,3.21,0.55,9.9,False
0.9967,3.47,0.44,9.0,False
0.9932,3.3,0.96,9.8,True
1.0021,3.3,0.68,12.7,False
0.99914,3.3,1.17,10.2,False
0.9938,3.22,0.62,10.6,False
0.99524,3.23,0.53,10.4,True
0.99158,3.12,0.64,12.8,True
0.99255,2.92,0.59,10.4,False
0.99,3.08,0.56,12.2,False
0.9924,3.56,0.82,12.9,True
0.99084,3.18,0.34,12.1,False
0.9986,3.04,1.06,9.4,False
0.9929,3.39,0.54,10.4,False
0.9946,3.15,0.6,10.2,True
0.98949,3.36,0.77,13.4,True
0.99534,3.4,0.85,11.0,True
0.9918,3.23,0.53,11.0,False
0.99834,3.05,0.5,9.1,False
0.993,3.29,0.75,10.0,False
0.9949,3.35,0.48,10.5,True
0.9932,3.3,0.97,9.8,True
0.9961,3.17,0.45,8.8,False
0.98999,3.65,0.89,12.0,True
0.99114,3.38,0.51,12.0,True
0.9942,3.26,0.38,12.2,True
0.992,3.17,0.51,10.4,False
0.99622,3.54,0.6,11.9,False
0.99489,3.38,0.83,10.3,False
0.99158,3.0,0.38,10.7,False
0.99235,3.38,0.58,12.2,True
0.995,3.22,0.51,10.0,False
0.9927,3.54,0.62,12.2,True
0.9912,3.41,0.41,11.1,True
0.9931,3.17,0.64,10.6,False
0.9964,3.22,0.6,9.2,False
0.9909,3.08,0.68,11.5,True
0.9969,3.3,0.75,10.5,True
0.99807,2.94,0.41,8.8,True
0.9905,3.18,0.43,12.2,False
0.99134,3.2,0.7,12.7,True
0.99429,3.16,0.48,8.4,False
0.99312,3.45,0.56,10.4,False
0.99672,3.35,0.56,9.2,False
0.99293,3.28,0.45,10.3,False
0.9978,3.12,0.51,8.9,False
0.98993,3.5,0.42,11.7,False
0.9992,3.37,0.82,9.5,True
0.98964,3.22,0.57,13.1,True
0.9927,3.21,0.38,10.6,False
0.9968,3.09,0.46,10.0,True
0.9912,3.32,0.41,11.6,True
0.99642,3.24,0.37,10.6,False
0.99808,3.0,0.52,9.0,True
0.99212,3.18,0.44,12.0,True
0.99171,3.27,0.5,12.4,True
0.99146,3.0,0.34,12.3,True
0.9968,3.18,0.52,9.5,False
0.99474,3.12,0.49,11.2,True
0.9937,3.14,0.76,10.0,False
0.9986,3.14,0.49,9.1,True
0.9934,3.74,0.62,11.5,False
0.9954,3.16,0.44,9.6,False
0.99614,3.31,0.79,11.8,True
0.9982,3.1,0.53,9.2,False
0.9988,2.72,0.43,9.7,False
0.99249,2.95,0.39,10.1,False
0.9933,3.49,0.71,10.5,True
0.9948,2.77,0.44,9.4,False
0.99315,3.44,0.46,12.4,False
0.9937,3.09,0.59,10.9666666666667,True
0.9967,3.26,0.59,9.3,False
0.99234,3.09,0.87,10.9,False
0.99633,3.52,0.6,9.5,False
0.9968,3.11,0.46,10.0,False
0.98976,3.27,0.34,12.9,True
0.9978,3.35,0.8,10.5,False
0.99632,3.16,0.5,9.7,False
0.99058,3.1,0.33,11.8,True
1.0002,3.22,0.5,9.7,False
0.99004,3.02,0.52,11.9,True
0.9986,3.12,1.02,10.6,True
0.99439,3.52,0.8,12.4,True
0.99859,3.29,0.81,10.9,True
0.9991,3.39,0.62,9.4,False
0.9952,3.82,0.51,10.5,True
0.996,3.23,0.37,9.2,False
0.99438,3.26,0.41,9.5,False
0.9918,3.32,0.59,11.2,True
0.9918,3.28,0.37,10.1,False
0.99176,3.05,0.46,13.3,True
0.99059,3.18,0.74,11.3,True
0.99622,3.14,0.54,9.8,False
0.99307,3.2,0.42,9.4,False
0.9916,2.93,0.37,11.3,True
0.9966,3.36,0.78,11.0,False
0.99176,2.91,0.54,10.7,True
0.99312,2.99,0.38,9.2,False
0.99714,3.46,0.78,9.9,False
0.99807,2.94,0.41,8.8,True
0.9944,3.14,0.41,10.8,False
0.9957,3.23,0.62,9.4,False
0.9998,3.26,0.74,11.2,True
0.9986,3.54,0.66,10.5,False
0.998,3.1,0.49,8.8,False
0.9924,3.06,0.41,9.5,False
0.98942,3.56,0.48,13.0,True
0.9954,3.11,0.44,9.8,False
0.9925,3.43,0.5,10.7,True
0.9909,3.33,0.43,12.1,True
0.9935,3.31,0.6,10.1,False
0.99706,3.15,0.82,10.4,True
0.9974,3.52,0.58,9.7,False
0.98961,2.91,0.57,12.0,True
0.99214,3.18,0.53,12.0,True
0.9986,3.4,0.55,9.6,False
0.9921,3.38,0.51,11.4,True
0.9906,3.1,0.71,12.3,True
0.99164,3.13,0.63,12.6,True
0.99514,3.44,0.68,10.55,True
0.99018,3.25,0.53,13.0,True
0.9907,3.14,0.73,11.2,True
0.998,3.31,0.88,10.5,True
0.9972,3.14,0.55,9.3,False
0.99216,3.18,0.4,11.0,True
0.99562,3.4,0.69,11.8,False
0.9958,3.14,0.38,11.8,True
0.99468,3.3,0.73,12.0,True
0.99076,3.27,0.59,11.9,True
0.99256,3.39,0.48,10.7,True
0.99096,3.59,0.48,12.7,True
0.99342,3.27,0.51,10.2,False
0.99157,3.68,0.73,13.6,True
0.98746,3.21,0.83,14.0,True
0.99863,3.16,0.71,9.4,False
0.99071,3.03,0.32,12.9,True
0.9946,3.33,0.44,9.9,False
0.98946,3.23,0.94,12.4,True
0.9941,3.28,0.7,11.1,False
0.9979,3.09,0.44,9.0,False
0.9964,3.15,0.92,11.7,True
0.9966,3.04,0.35,9.4,False
0.99352,3.3,0.42,9.4,True
0.9986,3.14,0.49,9.1,True
0.99216,2.98,0.31,12.0,True
0.9908,3.26,0.54,12.3,True
0.9945,3.46,0.44,10.2,False
0.992,3.54,0.56,10.1,False
0.9937,3.05,0.51,9.3,False
0.9922,3.42,0.69,11.0,True
0.99248,3.26,0.29,12.1,False
0.9903,3.34,0.59,12.8,False
0.99438,3.41,0.83,11.3,False
0.9946,3.52,0.44,10.2,True
0.9916,3.37,0.43,11.0,False
0.9972,3.13,0.54,9.6,False
0.9912,3.3,0.44,11.1,True
0.9972,3.19,0.39,9.9,False
0.99166,3.1,0.38,10.2,False
0.991,3.42,0.42,11.8,True
0.9928,3.19,0.46,11.5,False
0.98914,3.26,0.39,12.9,True
0.998,3.23,0.66,12.5,False
0.99488,2.86,0.49,9.3,False
0.9982,3.04,0.5,9.2,False
0.99677,3.39,0.48,10.5,False
0.98964,3.19,0.51,12.4,True
0.99678,3.28,0.72,10.3,True
0.99238,3.34,0.44,10.8,False
0.9956,3.22,0.66,12.8,False
0.9962,2.95,0.46,8.9,False
0.9974,3.04,0.41,10.4,False
0.993,3.2,0.57,10.0,True
0.9907,3.42,0.9,13.7,True
0.99179,3.27,0.47,10.8,False
0.9968,3.22,0.72,11.2,False
1.0002,2.96,0.5,9.1,False
0.99076,2.98,0.49,12.3,True
0.99362,3.32,0.58,10.1333333333333,True
0.9902,3.38,0.34,11.3,True
0.9947,3.23,0.73,11.3,True
0.9932,3.45,0.57,10.7,True
0.98862,2.94,0.38,13.4,True
0.9948,3.59,0.43,10.6,True
0.99075,2.99,0.43,11.8,True
0.9937,3.09,0.59,10.9666666666667,True
0.9938,3.25,0.43,10.8,False
0.9989,3.37,0.71,11.5,True
0.99026,3.08,0.47,12.4,True
0.9923,3.25,0.38,10.8,False
0.9934,3.02,0.48,9.5,True
0.99185,3.37,0.68,11.0,True
0.9908,3.08,0.56,12.9,True
0.99455,3.25,0.54,11.0,True
0.99094,3.29,0.55,10.65,True
0.9969,3.19,0.59,9.5,False
0.99225,3.39,0.69,10.9,True
0.99189,3.04,0.59,11.3,True
0.99858,3.18,0.51,9.2,False
0.99199,3.7,0.68,10.9,True
0.99701,3.4,0.74,9.7,False
0.9973,3.09,0.66,11.8,True
0.99362,3.19,0.42,9.73333333333333,False
0.9997,3.5,0.57,9.7,False
0.99225,3.15,0.46,10.2,False
0.99365,3.32,0.58,10.15,True
0.99956,3.11,0.53,9.1,False
0.9958,3.41,0.67,9.7,False
0.99548,2.96,0.43,9.4,False
0.9922,3.26,0.6,10.8,True
0.9966,3.08,0.4,9.3,False
0.989,3.12,0.25,12.9,True
0.9928,3.08,0.77,10.4,True
0.99479,3.23,0.56,10.4,False
1.0004,3.22,0.6,13.0,True
0.9922,3.01,0.33,12.0,False
